"序号","省份","学校名称","类型","学校标识码","主管部门","所在地","办学层次","备注","985","211","双一流","隶属关系","院校层级","数据状态"
"361","安徽","安徽财经大学","公办普通本科","4134010378","安徽省","蚌埠市","本科","","","","","其他所属","公办本科","已匹配教育部名单"
"373","安徽","安徽城市管理职业大学","公办职业本科","","","","","","","","","待补","公办本科","待校对"
"344","安徽","安徽大学","公办普通本科","4134010357","安徽省","合肥市","本科","","","是","是","其他所属","211/双一流","已匹配教育部名单"
"347","安徽","安徽工业大学","公办普通本科","4134010360","安徽省","马鞍山市","本科","","","","","其他所属","公办本科","已匹配教育部名单"
"366","安徽","安徽建筑大学","公办普通本科","4134010878","安徽省","合肥市","本科","","","","","其他所属","公办本科","已匹配教育部名单"
"367","安徽","安徽科技学院","公办普通本科","4134010879","安徽省","滁州市","本科","","","","","其他所属","公办本科","已匹配教育部名单"
"348","安徽","安徽理工大学","公办普通本科","4134010361","安徽省","淮南市","本科","","","","","其他所属","公办本科","已匹配教育部名单"
"349","安徽","安徽农业大学","公办普通本科","4134010364","安徽省","合肥市","本科","","","","","其他所属","公办本科","已匹配教育部名单"
"354","安徽","安徽师范大学","公办普通本科","4134010370","安徽省","芜湖市","本科","","","","","其他所属","公办本科","已匹配教育部名单"
"350","安徽","安徽医科大学","公办普通本科","4134010366","安徽省","合肥市","本科","","","","","其他所属","公办本科","已匹配教育部名单"
"374","安徽","安徽医学职业大学","公办职业本科","","","","","","","","","待补","公办本科","待校对"
"371","安徽","安徽艺术学院","公办普通本科","4134014682","安徽省","合肥市","本科","","","","","其他所属","公办本科","已匹配教育部名单"
"353","安徽","安徽中医药大学","公办普通本科","4134010369","安徽省","合肥市","本科","","","","","其他所属","公办本科","已匹配教育部名单"
"356","安徽","安庆师范大学","公办普通本科","4134010372","安徽省","安庆市","本科","","","","","其他所属","公办本科","已匹配教育部名单"
"369","安徽","蚌埠学院","公办普通本科","4134011305","安徽省","蚌埠市","本科","","","","","其他所属","公办本科","已匹配教育部名单"
"351","安徽","蚌埠医学院","公办普通本科","","","","","","","","","待补","公办本科","待校对"
"363","安徽","巢湖学院","公办普通本科","4134010380","安徽省","合肥市","本科","","","","","其他所属","公办本科","已匹配教育部名单"
"370","安徽","池州学院","公办普通本科","4134011306","安徽省","池州市","本科","","","","","其他所属","公办本科","已匹配教育部名单"
"360","安徽","滁州学院","公办普通本科","4134010377","安徽省","滁州市","本科","","","","","其他所属","公办本科","已匹配教育部名单"
"355","安徽","阜阳师范大学","公办普通本科","4134010371","安徽省","阜阳市","本科","","","","","其他所属","公办本科","已匹配教育部名单"
"346","安徽","合肥工业大学","公办普通本科","4134010359","教育部","合肥市","本科","","","是","是","教育部直属","211/双一流","已匹配教育部名单"
"372","安徽","合肥师范学院","公办普通本科","4134014098","安徽省","合肥市","本科","","","","","其他所属","公办本科","已匹配教育部名单"
"368","安徽","合肥学院","公办普通本科","","","","","","","","","待补","公办本科","待校对"
"357","安徽","淮北师范大学","公办普通本科","4134010373","安徽省","淮北市","本科","","","","","其他所属","公办本科","已匹配教育部名单"
"364","安徽","淮南师范学院","公办普通本科","4134010381","安徽省","淮南市","本科","","","","","其他所属","公办本科","已匹配教育部名单"
"358","安徽","黄山学院","公办普通本科","4134010375","安徽省","黄山市","本科","","","","","其他所属","公办本科","已匹配教育部名单"
"362","安徽","宿州学院","公办普通本科","4134010379","安徽省","宿州市","本科","","","","","其他所属","公办本科","已匹配教育部名单"
"365","安徽","铜陵学院","公办普通本科","4134010383","安徽省","铜陵市","本科","","","","","其他所属","公办本科","已匹配教育部名单"
"352","安徽","皖南医学院","公办普通本科","4134010368","安徽省","芜湖市","本科","","","","","其他所属","公办本科","已匹配教育部名单"
"359","安徽","皖西学院","公办普通本科","4134010376","安徽省","六安市","本科","","","","","其他所属","公办本科","已匹配教育部名单"
"345","安徽","中国科学技术大学","公办普通本科","4134010358","中国科学院","合肥市","本科","","是","是","是","中央部委所属","985/211/双一流","已匹配教育部名单"
"9","北京","北方工业大学","公办普通本科","4111010009","北京市","北京市","本科","","","","","其他所属","公办本科","已匹配教育部名单"
"1","北京","北京大学","公办普通本科","4111010001","教育部","北京市","本科","","是","是","是","教育部直属","985/211/双一流","已匹配教育部名单"
"28","北京","北京第二外国语学院","公办普通本科","4111010031","北京市","北京市","本科","","","","","其他所属","公办本科","已匹配教育部名单"
"17","北京","北京电子科技学院","公办普通本科","4111010018","中央办公厅","北京市","本科","","","","","其他所属","公办本科","已匹配教育部名单"
"12","北京","北京服装学院","公办普通本科","4111010012","北京市","北京市","本科","","","","","其他所属","公办本科","已匹配教育部名单"
"11","北京","北京工商大学","公办普通本科","4111010011","北京市","北京市","本科","","","","","其他所属","公办本科","已匹配教育部名单"
"5","北京","北京工业大学","公办普通本科","4111010005","北京市","北京市","本科","","","是","是","其他所属","211/双一流","已匹配教育部名单"
"6","北京","北京航空航天大学","公办普通本科","4111010006","工业和信息化部","北京市","本科","","是","是","是","中央部委所属","985/211/双一流","已匹配教育部名单"
"10","北京","北京化工大学","公办普通本科","4111010010","教育部","北京市","本科","","","是","是","教育部直属","211/双一流","已匹配教育部名单"
"15","北京","北京建筑大学","公办普通本科","4111010016","北京市","北京市","本科","","","","","其他所属","公办本科","已匹配教育部名单"
"4","北京","北京交通大学","公办普通本科","4111010004","教育部","北京市","本科","","","是","是","教育部直属","211/双一流","已匹配教育部名单"
"53","北京","北京警察学院","公办普通本科","4111014019","北京市","北京市","本科","","","","","其他所属","公办本科","已匹配教育部名单"
"8","北京","北京科技大学","公办普通本科","4111010008","教育部","北京市","本科","","","是","是","教育部直属","211/双一流","已匹配教育部名单"
"7","北京","北京理工大学","公办普通本科","4111010007","工业和信息化部","北京市","本科","","是","是","是","中央部委所属","985/211/双一流","已匹配教育部名单"
"50","北京","北京联合大学","公办普通本科","4111011417","北京市","北京市","本科","","","","","其他所属","公办本科","已匹配教育部名单"
"20","北京","北京林业大学","公办普通本科","4111010022","教育部","北京市","本科","","","是","是","教育部直属","211/双一流","已匹配教育部名单"
"19","北京","北京农学院","公办普通本科","4111010020","北京市","北京市","本科","","","","","其他所属","公办本科","已匹配教育部名单"
"24","北京","北京师范大学","公办普通本科","4111010027","教育部","北京市","本科","","是","是","是","教育部直属","985/211/双一流","已匹配教育部名单"
"16","北京","北京石油化工学院","公办普通本科","4111010017","北京市","北京市","本科","","","","","其他所属","公办本科","已匹配教育部名单"
"37","北京","北京体育大学","公办普通本科","4111010043","国家体育总局","北京市","本科","","","是","是","其他所属","211/双一流","已匹配教育部名单"
"27","北京","北京外国语大学","公办普通本科","4111010030","教育部","北京市","本科","","","是","是","教育部直属","211/双一流","已匹配教育部名单"
"43","北京","北京舞蹈学院","公办普通本科","4111010051","北京市","北京市","本科","","","","","其他所属","公办本科","已匹配教育部名单"
"33","北京","北京物资学院","公办普通本科","4111010037","北京市","北京市","本科","","","","","其他所属","公办本科","已匹配教育部名单"
"21","北京","北京协和医学院","公办普通本科","4111010023","国家卫生健康委员会","北京市","本科","","","","是","中央部委所属","双一流","已匹配教育部名单"
"49","北京","北京信息科技大学","公办普通本科","4111011232","北京市","北京市","本科","","","","","其他所属","公办本科","已匹配教育部名单"
"14","北京","北京印刷学院","公办普通本科","4111010015","北京市","北京市","本科","","","","","其他所属","公办本科","已匹配教育部名单"
"13","北京","北京邮电大学","公办普通本科","4111010013","教育部","北京市","本科","","","是","是","教育部直属","211/双一流","已匹配教育部名单"
"29","北京","北京语言大学","公办普通本科","4111010032","教育部","北京市","本科","","","","","教育部直属","公办本科","已匹配教育部名单"
"23","北京","北京中医药大学","公办普通本科","4111010026","教育部","北京市","本科","","","是","是","教育部直属","211/双一流","已匹配教育部名单"
"32","北京","对外经济贸易大学","公办普通本科","4111010036","教育部","北京市","本科","","","是","是","教育部直属","211/双一流","已匹配教育部名单"
"36","北京","国际关系学院","公办普通本科","4111010042","教育部","北京市","本科","","","","","教育部直属","公办本科","已匹配教育部名单"
"45","北京","华北电力大学","公办普通本科","4111010054","教育部","北京市","本科","","","是","是","教育部直属","211/双一流","已匹配教育部名单"
"3","北京","清华大学","公办普通本科","4111010003","教育部","北京市","本科","","是","是","是","教育部直属","985/211/双一流","已匹配教育部名单"
"34","北京","首都经济贸易大学","公办普通本科","4111010038","北京市","北京市","本科","","","","","其他所属","公办本科","已匹配教育部名单"
"25","北京","首都师范大学","公办普通本科","4111010028","北京市","北京市","本科","","","","是","其他所属","双一流","已匹配教育部名单"
"26","北京","首都体育学院","公办普通本科","4111010029","北京市","北京市","本科","","","","","其他所属","公办本科","已匹配教育部名单"
"22","北京","首都医科大学","公办普通本科","4111010025","北京市","北京市","本科","","","","","其他所属","公办本科","已匹配教育部名单"
"30","北京","中国传媒大学","公办普通本科","4111010033","教育部","北京市","本科","","","是","是","教育部直属","211/双一流","已匹配教育部名单"
"48","北京","中国地质大学(北京)","公办普通本科","4111011415","教育部","北京市","本科","","","是","是","教育部直属","211/双一流","已匹配教育部名单"
"46","北京","中国矿业大学(北京)","公办普通本科","4111011413","教育部","北京市","本科","","","是","是","教育部直属","211/双一流","已匹配教育部名单"
"18","北京","中国农业大学","公办普通本科","4111010019","教育部","北京市","本科","","是","是","是","教育部直属","985/211/双一流","已匹配教育部名单"
"51","北京","中国青年政治学院","公办普通本科","4111011625","共青团中央","北京市","本科","","","","","其他所属","公办本科","已匹配教育部名单"
"2","北京","中国人民大学","公办普通本科","4111010002","教育部","北京市","本科","","是","是","是","教育部直属","985/211/双一流","已匹配教育部名单"
"35","北京","中国人民公安大学","公办普通本科","4111010041","公安部","北京市","本科","","","","","其他所属","公办本科","已匹配教育部名单"
"47","北京","中国石油大学(北京)","公办普通本科","4111011414","教育部","北京市","本科","","","是","是","教育部直属","211/双一流","已匹配教育部名单"
"42","北京","中国戏曲学院","公办普通本科","4111010049","北京市","北京市","本科","","","","","其他所属","公办本科","已匹配教育部名单"
"39","北京","中国音乐学院","公办普通本科","4111010046","北京市","北京市","本科","","","","是","其他所属","双一流","已匹配教育部名单"
"44","北京","中国政法大学","公办普通本科","4111010053","教育部","北京市","本科","","","是","是","教育部直属","211/双一流","已匹配教育部名单"
"52","北京","中华女子学院","公办普通本科","4111011149","中华妇女联合会","北京市","本科","","","","","其他所属","公办本科","已匹配教育部名单"
"31","北京","中央财经大学","公办普通本科","4111010034","教育部","北京市","本科","","","是","是","教育部直属","211/双一流","已匹配教育部名单"
"40","北京","中央美术学院","公办普通本科","4111010047","教育部","北京市","本科","","","","","教育部直属","公办本科","已匹配教育部名单"
"41","北京","中央戏剧学院","公办普通本科","4111010048","教育部","北京市","本科","","","","","教育部直属","公办本科","已匹配教育部名单"
"38","北京","中央音乐学院","公办普通本科","4111010045","教育部","北京市","本科","","","是","是","教育部直属","211/双一流","已匹配教育部名单"
"636","重庆","重庆大学","公办普通本科","4150010611","教育部","重庆市","本科","","是","是","是","教育部直属","985/211/双一流","已匹配教育部名单"
"652","重庆","重庆第二师范学院","公办普通本科","4150014388","重庆市","重庆市","本科","","","","","其他所属","公办本科","已匹配教育部名单"
"647","重庆","重庆工商大学","公办普通本科","4150011799","重庆市","重庆市","本科","","","","","其他所属","公办本科","已匹配教育部名单"
"654","重庆","重庆机电职业技术大学","公办职业本科","4150012607","重庆市教委","重庆市","本科","民办","","","","其他所属","公办本科","已匹配教育部名单"
"638","重庆","重庆交通大学","公办普通本科","4150010618","重庆市","重庆市","本科","","","","","其他所属","公办本科","已匹配教育部名单"
"653","重庆","重庆警察学院","公办普通本科","4150012757","重庆市","重庆市","本科","","","","","其他所属","公办本科","已匹配教育部名单"
"650","重庆","重庆科技学院","公办普通本科","","","","","","","","","待补","公办本科","待校对"
"651","重庆","重庆理工大学","公办普通本科","4150011660","重庆市","重庆市","本科","","","","","其他所属","公办本科","已匹配教育部名单"
"649","重庆","重庆三峡学院","公办普通本科","4150010643","重庆市","重庆市","本科","","","","","其他所属","公办本科","已匹配教育部名单"
"642","重庆","重庆师范大学","公办普通本科","4150010637","重庆市","重庆市","本科","","","","","其他所属","公办本科","已匹配教育部名单"
"643","重庆","重庆文理学院","公办普通本科","4150010642","重庆市","重庆市","本科","","","","","其他所属","公办本科","已匹配教育部名单"
"640","重庆","重庆医科大学","公办普通本科","4150010631","重庆市","重庆市","本科","","","","","其他所属","公办本科","已匹配教育部名单"
"637","重庆","重庆邮电大学","公办普通本科","4150010617","重庆市","重庆市","本科","","","","","其他所属","公办本科","已匹配教育部名单"
"648","重庆","四川美术学院","公办普通本科","4150010655","重庆市","重庆市","本科","","","","","其他所属","公办本科","已匹配教育部名单"
"645","重庆","四川外国语大学","公办普通本科","4150010650","重庆市","重庆市","本科","","","","","其他所属","公办本科","已匹配教育部名单"
"639","重庆","西南大学","公办普通本科","4150010635","教育部","重庆市","本科","","","是","是","教育部直属","211/双一流","已匹配教育部名单"
"646","重庆","西南大学荣昌校区","公办普通本科","","","","","","","","","待补","公办本科","待校对"
"641","重庆","西南政法大学","公办普通本科","4150010652","重庆市","重庆市","本科","","","","","其他所属","公办本科","已匹配教育部名单"
"644","重庆","长江师范学院","公办普通本科","4150010647","重庆市","重庆市","本科","","","","","其他所属","公办本科","已匹配教育部名单"
"378","福建","福建工程学院","公办普通本科","","","","","","","","","待补","公办本科","待校对"
"395","福建","福建技术师范学院","公办普通本科","4135014683","福建省","福州市","本科","","","","","其他所属","公办本科","已匹配教育部名单"
"392","福建","福建江夏学院","公办普通本科","4135013763","福建省","福州市","本科","","","","","其他所属","公办本科","已匹配教育部名单"
"394","福建","福建警察学院","公办普通本科","4135011495","福建省","福州市","本科","","","","","其他所属","公办本科","已匹配教育部名单"
"379","福建","福建农林大学","公办普通本科","4135010389","福建省","福州市","本科","","","","是","其他所属","双一流","已匹配教育部名单"
"383","福建","福建师范大学","公办普通本科","4135010394","福建省","福州市","本科","","","","","其他所属","公办本科","已匹配教育部名单"
"381","福建","福建医科大学","公办普通本科","4135010392","福建省","福州市","本科","","","","","其他所属","公办本科","已匹配教育部名单"
"382","福建","福建中医药大学","公办普通本科","4135010393","福建省","福州市","本科","","","","","其他所属","公办本科","已匹配教育部名单"
"377","福建","福州大学","公办普通本科","4135010386","福建省","福州市","本科","","","是","是","其他所属","211/双一流","已匹配教育部名单"
"376","福建","华侨大学","公办普通本科","4135010385","中央统战部","泉州市","本科","","","","","其他所属","公办本科","已匹配教育部名单"
"380","福建","集美大学","公办普通本科","4135010390","福建省","厦门市","本科","","","","","其他所属","公办本科","已匹配教育部名单"
"387","福建","龙岩学院","公办普通本科","4135011312","福建省","龙岩市","本科","","","","","其他所属","公办本科","已匹配教育部名单"
"384","福建","闽江学院","公办普通本科","4135010395","福建省","福州市","本科","","","","","其他所属","公办本科","已匹配教育部名单"
"386","福建","闽南师范大学","公办普通本科","4135010402","福建省","漳州市","本科","","","","","其他所属","公办本科","已匹配教育部名单"
"391","福建","宁德师范学院","公办普通本科","4135010398","福建省","宁德市","本科","","","","","其他所属","公办本科","已匹配教育部名单"
"389","福建","莆田学院","公办普通本科","4135011498","福建省","莆田市","本科","","","","","其他所属","公办本科","已匹配教育部名单"
"385","福建","泉州师范学院","公办普通本科","4135010399","福建省","泉州市","本科","","","","","其他所属","公办本科","已匹配教育部名单"
"396","福建","泉州职业技术大学","公办职业本科","4135012928","福建省教育厅","泉州市","本科","民办","","","","地方所属","公办本科","已匹配教育部名单"
"388","福建","三明学院","公办普通本科","4135011311","福建省","三明市","本科","","","","","其他所属","公办本科","已匹配教育部名单"
"375","福建","厦门大学","公办普通本科","4135010384","教育部","厦门市","本科","","是","是","是","教育部直属","985/211/双一流","已匹配教育部名单"
"393","福建","厦门理工学院","公办普通本科","4135011062","福建省","厦门市","本科","","","","","其他所属","公办本科","已匹配教育部名单"
"390","福建","武夷学院","公办普通本科","4135010397","福建省","南平市","本科","","","","","其他所属","公办本科","已匹配教育部名单"
"772","甘肃","甘肃农业大学","公办普通本科","4162010733","甘肃省","兰州市","本科","","","","","其他所属","公办本科","已匹配教育部名单"
"785","甘肃","甘肃医学院","公办普通本科","4162011805","甘肃省","平凉市","本科","","","","","其他所属","公办本科","已匹配教育部名单"
"781","甘肃","甘肃政法大学","公办普通本科","4162011406","甘肃省","兰州市","本科","","","","","其他所属","公办本科","已匹配教育部名单"
"773","甘肃","甘肃中医药大学","公办普通本科","4162010735","甘肃省","兰州市","本科","","","","","其他所属","公办本科","已匹配教育部名单"
"778","甘肃","河西学院","公办普通本科","4162010740","甘肃省","张掖市","本科","","","","","其他所属","公办本科","已匹配教育部名单"
"779","甘肃","兰州财经大学","公办普通本科","4162010741","甘肃省","兰州市","本科","","","","","其他所属","公办本科","已匹配教育部名单"
"775","甘肃","兰州城市学院","公办普通本科","4162010737","甘肃省","兰州市","本科","","","","","其他所属","公办本科","已匹配教育部名单"
"769","甘肃","兰州大学","公办普通本科","4162010730","教育部","兰州市","本科","","是","是","是","教育部直属","985/211/双一流","已匹配教育部名单"
"786","甘肃","兰州工业学院","公办普通本科","4162011807","甘肃省","兰州市","本科","","","","","其他所属","公办本科","已匹配教育部名单"
"771","甘肃","兰州交通大学","公办普通本科","4162010732","甘肃省","兰州市","本科","","","","","其他所属","公办本科","已匹配教育部名单"
"770","甘肃","兰州理工大学","公办普通本科","4162010731","甘肃省","兰州市","本科","","","","","其他所属","公办本科","已匹配教育部名单"
"787","甘肃","兰州石化职业技术大学","公办职业本科","4162016209","甘肃省","兰州市","本科","","","","","其他所属","公办本科","已匹配教育部名单"
"784","甘肃","兰州文理学院","公办普通本科","4162011562","甘肃省","兰州市","本科","","","","","其他所属","公办本科","已匹配教育部名单"
"788","甘肃","兰州资源环境职业技术大学","公办职业本科","4162016208","甘肃省","兰州市","本科","","","","","其他所属","公办本科","已匹配教育部名单"
"776","甘肃","陇东学院","公办普通本科","4162010738","甘肃省","庆阳市","本科","","","","","其他所属","公办本科","已匹配教育部名单"
"777","甘肃","天水师范学院","公办普通本科","","","","","","","","","待补","公办本科","待校对"
"780","甘肃","西北民族大学","公办普通本科","4162010742","国家民委","兰州市","本科","","","","","其他所属","公办本科","已匹配教育部名单"
"774","甘肃","西北师范大学","公办普通本科","4162010736","甘肃省","兰州市","本科","","","","","其他所属","公办本科","已匹配教育部名单"
"590","广东","东莞理工学院","公办普通本科","4144011819","广东省","东莞市","本科","","","","","其他所属","公办本科","已匹配教育部名单"
"592","广东","佛山科学技术学院","公办普通本科","","","","","","","","","待补","公办本科","待校对"
"584","广东","广东财经大学","公办普通本科","4144010592","广东省","广州市","本科","","","","","其他所属","公办本科","已匹配教育部名单"
"591","广东","广东第二师范学院","公办普通本科","4144014278","广东省","广州市","本科","","","","","其他所属","公办本科","已匹配教育部名单"
"607","广东","广东东软学院","公办普通本科","4144012574","广东省教育厅","佛山市","本科","民办","","","","地方所属","公办本科","已匹配教育部名单"
"568","广东","广东海洋大学","公办普通本科","4144010566","广东省","湛江市","本科","","","","","其他所属","公办本科","已匹配教育部名单"
"582","广东","广东技术师范大学","公办普通本科","4144010588","广东省","广州市","本科","","","","","其他所属","公办本科","已匹配教育部名单"
"585","广东","广东金融学院","公办普通本科","4144011540","广东省","广州市","本科","","","","","其他所属","公办本科","已匹配教育部名单"
"586","广东","广东警官学院","公办普通本科","4144011110","广东省","广州市","本科","","","","","其他所属","公办本科","已匹配教育部名单"
"589","广东","广东石油化工学院","公办普通本科","4144011656","广东省","茂名市","本科","","","","","其他所属","公办本科","已匹配教育部名单"
"595","广东","广东外语外贸大学","公办普通本科","4144011846","广东省","广州市","本科","","","","","其他所属","公办本科","已匹配教育部名单"
"570","广东","广东医科大学","公办普通本科","4144010571","广东省","湛江市","本科","","","","","其他所属","公办本科","已匹配教育部名单"
"608","广东","广东职业技术大学","公办职业本科","","","","","","","","","待补","公办本科","待校对"
"597","广东","广州城市理工学院","公办普通本科","4144012617","广东省教育厅","广州市","本科","民办","","","","地方所属","公办本科","已匹配教育部名单"
"593","广东","广州大学","公办普通本科","4144011078","广东省","广州市","本科","","","","","其他所属","公办本科","已匹配教育部名单"
"598","广东","广州工商学院","公办普通本科","4144013714","广东省教育厅","广州市","本科","民办","","","","地方所属","公办本科","已匹配教育部名单"
"594","广东","广州航海学院","公办普通本科","4144011106","广东省","广州市","本科","","","","","其他所属","公办本科","已匹配教育部名单"
"601","广东","广州华立学院","公办普通本科","4144013656","广东省教育厅","广州市","本科","民办","","","","地方所属","公办本科","已匹配教育部名单"
"600","广东","广州华商学院","公办普通本科","4144012621","广东省教育厅","广州市","本科","民办","","","","地方所属","公办本科","已匹配教育部名单"
"603","广东","广州理工学院","公办普通本科","4144012668","广东省教育厅","广州市","本科","民办","","","","地方所属","公办本科","已匹配教育部名单"
"580","广东","广州美术学院","公办普通本科","4144010586","广东省","广州市","本科","","","","","其他所属","公办本科","已匹配教育部名单"
"604","广东","广州南方学院","公办普通本科","4144012619","广东省教育厅","广州市","本科","民办","","","","地方所属","公办本科","已匹配教育部名单"
"605","广东","广州软件学院","公办普通本科","4144012618","广东省教育厅","广州市","本科","民办","","","","地方所属","公办本科","已匹配教育部名单"
"606","广东","广州商学院","公办普通本科","4144013667","广东省教育厅","广州市","本科","民办","","","","地方所属","公办本科","已匹配教育部名单"
"579","广东","广州体育学院","公办普通本科","4144010585","广东省","广州市","本科","","","","","其他所属","公办本科","已匹配教育部名单"
"569","广东","广州医科大学","公办普通本科","4144010570","广东省","广州市","本科","","","","是","其他所属","双一流","已匹配教育部名单"
"599","广东","广州应用科技学院","公办普通本科","4144013657","广东省教育厅","广州市","本科","民办","","","","地方所属","公办本科","已匹配教育部名单"
"571","广东","广州中医药大学","公办普通本科","4144010572","广东省","广州市","本科","","","","是","其他所属","双一流","已匹配教育部名单"
"575","广东","韩山师范学院","公办普通本科","4144010578","广东省","潮州市","本科","","","","","其他所属","公办本科","已匹配教育部名单"
"566","广东","华南理工大学","公办普通本科","4144010561","教育部","广州市","本科","","是","是","是","教育部直属","985/211/双一流","已匹配教育部名单"
"567","广东","华南农业大学","公办普通本科","4144010564","广东省","广州市","本科","","","","是","其他所属","双一流","已匹配教育部名单"
"572","广东","华南师范大学","公办普通本科","4144010574","广东省","广州市","本科","","","是","是","其他所属","211/双一流","已匹配教育部名单"
"574","广东","惠州学院","公办普通本科","4144010577","广东省","惠州市","本科","","","","","其他所属","公办本科","已匹配教育部名单"
"564","广东","暨南大学","公办普通本科","4144010559","中央统战部","广州市","本科","","","是","是","其他所属","211/双一流","已匹配教育部名单"
"578","广东","嘉应学院","公办普通本科","4144010582","广东省","梅州市","本科","","","","","其他所属","公办本科","已匹配教育部名单"
"576","广东","岭南师范学院","公办普通本科","4144010579","广东省","湛江市","本科","","","","","其他所属","公办本科","已匹配教育部名单"
"565","广东","汕头大学","公办普通本科","4144010560","广东省","汕头市","本科","","","","","其他所属","公办本科","已匹配教育部名单"
"573","广东","韶关学院","公办普通本科","4144010576","广东省","韶关市","本科","","","","","其他所属","公办本科","已匹配教育部名单"
"583","广东","深圳大学","公办普通本科","4144010590","广东省","深圳市","本科","","","","","其他所属","公办本科","已匹配教育部名单"
"596","广东","深圳技术大学","公办普通本科","4144014655","广东省","深圳市","本科","","","","","其他所属","公办本科","已匹配教育部名单"
"588","广东","五邑大学","公办普通本科","4144011349","广东省","江门市","本科","","","","","其他所属","公办本科","已匹配教育部名单"
"581","广东","星海音乐学院","公办普通本科","4144010587","广东省","广州市","本科","","","","","其他所属","公办本科","已匹配教育部名单"
"602","广东","湛江科技学院","公办普通本科","4144012622","广东省教育厅","湛江市","本科","民办","","","","地方所属","公办本科","已匹配教育部名单"
"577","广东","肇庆学院","公办普通本科","4144010580","广东省","肇庆市","本科","","","","","其他所属","公办本科","已匹配教育部名单"
"563","广东","中山大学","公办普通本科","4144010558","教育部","广州市","本科","","是","是","是","教育部直属","985/211/双一流","已匹配教育部名单"
"587","广东","仲恺农业工程学院","公办普通本科","4144011347","广东省","广州市","本科","","","","","其他所属","公办本科","已匹配教育部名单"
"623","广西","百色学院","公办普通本科","4145010609","广西壮族自治区","百色市","本科","","","","","地方所属","公办本科","已匹配教育部名单"
"622","广西","广西财经学院","公办普通本科","4145011548","广西壮族自治区","南宁市","本科","","","","","地方所属","公办本科","已匹配教育部名单"
"630","广西","广西城市职业大学","公办职业本科","4145013920","广西壮族自治区教育厅","崇左市","本科","民办","","","","地方所属","公办本科","已匹配教育部名单"
"609","广西","广西大学","公办普通本科","4145010593","广西壮族自治区","南宁市","本科","","","是","是","地方所属","211/双一流","已匹配教育部名单"
"627","广西","广西警察学院","公办普通本科","4145013520","广西壮族自治区","南宁市","本科","","","","","地方所属","公办本科","已匹配教育部名单"
"610","广西","广西科技大学","公办普通本科","4145010594","广西壮族自治区","柳州市","本科","","","","","地方所属","公办本科","已匹配教育部名单"
"619","广西","广西民族师范学院","公办普通本科","4145010604","广西壮族自治区","崇左市","本科","","","","","地方所属","公办本科","已匹配教育部名单"
"617","广西","广西师范大学","公办普通本科","4145010602","广西壮族自治区","桂林市","本科","","","","","地方所属","公办本科","已匹配教育部名单"
"613","广西","广西医科大学","公办普通本科","4145010598","广西壮族自治区","南宁市","本科","","","","","地方所属","公办本科","已匹配教育部名单"
"625","广西","广西艺术学院","公办普通本科","4145010607","广西壮族自治区","南宁市","本科","","","","","地方所属","公办本科","已匹配教育部名单"
"615","广西","广西中医药大学","公办普通本科","4145010600","广西壮族自治区","南宁市","本科","","","","","地方所属","公办本科","已匹配教育部名单"
"611","广西","桂林电子科技大学","公办普通本科","4145010595","广西壮族自治区","桂林市","本科","","","","","地方所属","公办本科","已匹配教育部名单"
"612","广西","桂林理工大学","公办普通本科","4145010596","广西壮族自治区","桂林市","本科","","","","","地方所属","公办本科","已匹配教育部名单"
"628","广西","桂林学院","公办普通本科","4145013641","广西壮族自治区教育厅","桂林市","本科","民办","","","","地方所属","公办本科","已匹配教育部名单"
"616","广西","桂林医学院","公办普通本科","","","","","","","","","待补","公办本科","待校对"
"620","广西","河池学院","公办普通本科","4145010605","广西壮族自治区","河池市","本科","","","","","地方所属","公办本科","已匹配教育部名单"
"626","广西","贺州学院","公办普通本科","4145011838","广西壮族自治区","贺州市","本科","","","","","地方所属","公办本科","已匹配教育部名单"
"629","广西","南宁理工学院","公办普通本科","4145013645","广西壮族自治区教育厅","桂林市","本科","民办","","","","地方所属","公办本科","已匹配教育部名单"
"618","广西","南宁师范大学","公办普通本科","4145010603","广西壮族自治区","南宁市","本科","","","","","地方所属","公办本科","已匹配教育部名单"
"624","广西","梧州学院","公办普通本科","4145011354","广西壮族自治区","梧州市","本科","","","","","地方所属","公办本科","已匹配教育部名单"
"614","广西","右江民族医学院","公办普通本科","4145010599","广西壮族自治区","百色市","本科","","","","","地方所属","公办本科","已匹配教育部名单"
"621","广西","玉林师范学院","公办普通本科","4145010606","广西壮族自治区","玉林市","本科","","","","","地方所属","公办本科","已匹配教育部名单"
"699","贵州","安顺学院","公办普通本科","4152010667","贵州省","安顺市","本科","","","","","其他所属","公办本科","已匹配教育部名单"
"709","贵州","贵阳康养职业大学","公办职业本科","4152016206","贵州省","贵阳市","本科","","","","","其他所属","公办本科","已匹配教育部名单"
"704","贵州","贵阳学院","公办普通本科","4152010976","贵州省","贵阳市","本科","","","","","其他所属","公办本科","已匹配教育部名单"
"702","贵州","贵州财经大学","公办普通本科","4152010671","贵州省","贵阳市","本科","","","","","其他所属","公办本科","已匹配教育部名单"
"692","贵州","贵州大学","公办普通本科","4152010657","贵州省","贵阳市","本科","","","是","是","其他所属","211/双一流","已匹配教育部名单"
"706","贵州","贵州工程应用技术学院","公办普通本科","4152010668","贵州省","毕节市","本科","","","","","其他所属","公办本科","已匹配教育部名单"
"708","贵州","贵州警察学院","公办普通本科","4152012107","贵州省","贵阳市","本科","","","","","其他所属","公办本科","已匹配教育部名单"
"703","贵州","贵州民族大学","公办普通本科","4152010672","贵州省","贵阳市","本科","","","","","其他所属","公办本科","已匹配教育部名单"
"696","贵州","贵州师范大学","公办普通本科","4152010663","贵州省","贵阳市","本科","","","","","其他所属","公办本科","已匹配教育部名单"
"693","贵州","贵州医科大学","公办普通本科","4152010660","贵州省","贵阳市","本科","","","","","其他所属","公办本科","已匹配教育部名单"
"695","贵州","贵州中医药大学","公办普通本科","4152010662","贵州省","贵阳市","本科","","","","","其他所属","公办本科","已匹配教育部名单"
"700","贵州","凯里学院","公办普通本科","4152010669","贵州省","黔东南苗族侗族自治州","本科","","","","","其他所属","公办本科","已匹配教育部名单"
"705","贵州","六盘水师范学院","公办普通本科","4152010977","贵州省","六盘水市","本科","","","","","其他所属","公办本科","已匹配教育部名单"
"701","贵州","黔南民族师范学院","公办普通本科","4152010670","贵州省","黔南布依族苗族自治州","本科","","","","","其他所属","公办本科","已匹配教育部名单"
"698","贵州","铜仁学院","公办普通本科","4152010665","贵州省","铜仁市","本科","","","","","其他所属","公办本科","已匹配教育部名单"
"707","贵州","兴义民族师范学院","公办普通本科","4152010666","贵州省","黔西南布依族苗族自治州","本科","","","","","其他所属","公办本科","已匹配教育部名单"
"697","贵州","遵义师范学院","公办普通本科","4152010664","贵州省","遵义市","本科","","","","","其他所属","公办本科","已匹配教育部名单"
"694","贵州","遵义医科大学","公办普通本科","4152010661","贵州省","遵义市","本科","","","","","其他所属","公办本科","已匹配教育部名单"
"631","海南","海南大学","公办普通本科","4146010589","海南省","海口市","本科","","","是","是","其他所属","211/双一流","已匹配教育部名单"
"632","海南","海南师范大学","公办普通本科","4146011658","海南省","海口市","本科","","","","","其他所属","公办本科","已匹配教育部名单"
"633","海南","海南医学院","公办普通本科","","","","","","","","","待补","公办本科","待校对"
"634","海南","琼台师范学院","公办普通本科","4146013811","海南省","海口市","本科","","","","","其他所属","公办本科","已匹配教育部名单"
"635","海南","三亚学院","公办普通本科","4146013892","海南省教育厅","三亚市","本科","民办","","","","地方所属","公办本科","已匹配教育部名单"
"86","河北","保定学院","公办普通本科","4113010096","河北省","保定市","本科","","","","","其他所属","公办本科","已匹配教育部名单"
"100","河北","北华航天工业学院","公办普通本科","4113011629","河北省","廊坊市","本科","","","","","其他所属","公办本科","已匹配教育部名单"
"94","河北","沧州师范学院","公办普通本科","4113010105","河北省","沧州市","本科","","","","","其他所属","公办本科","已匹配教育部名单"
"84","河北","承德医学院","公办普通本科","4113010093","河北省","承德市","本科","","","","","其他所属","公办本科","已匹配教育部名单"
"92","河北","邯郸学院","公办普通本科","4113010103","河北省","邯郸市","本科","","","","","其他所属","公办本科","已匹配教育部名单"
"83","河北","河北北方学院","公办普通本科","4113010092","河北省","张家口市","本科","","","","","其他所属","公办本科","已匹配教育部名单"
"73","河北","河北大学","公办普通本科","4113010075","河北省","保定市","本科","","","","","其他所属","公办本科","已匹配教育部名单"
"75","河北","河北地质大学","公办普通本科","4113010077","河北省","石家庄市","本科","","","","","其他所属","公办本科","已匹配教育部名单"
"74","河北","河北工程大学","公办普通本科","4113010076","河北省","邯郸市","本科","","","","","其他所属","公办本科","已匹配教育部名单"
"76","河北","河北工业大学","公办普通本科","4113010080","河北省","天津市","本科","","","是","是","其他所属","211/双一流","已匹配教育部名单"
"107","河北","河北工业职业技术大学","公办职业本科","4113016204","河北省","石家庄市","本科","","","","","其他所属","公办本科","已匹配教育部名单"
"105","河北","河北环境工程学院","公办普通本科","4213051721","河北省","秦皇岛市","本科","","","","","其他所属","公办本科","已匹配教育部名单"
"79","河北","河北建筑工程学院","公办普通本科","4113010084","河北省","张家口市","本科","","","","","其他所属","公办本科","已匹配教育部名单"
"99","河北","河北金融学院","公办普通本科","4113011420","河北省","保定市","本科","","","","","其他所属","公办本科","已匹配教育部名单"
"101","河北","河北经贸大学","公办普通本科","4113011832","河北省","石家庄市","本科","","","","","其他所属","公办本科","已匹配教育部名单"
"78","河北","河北科技大学","公办普通本科","4113010082","河北省","石家庄市","本科","","","","","其他所属","公办本科","已匹配教育部名单"
"108","河北","河北科技工程职业技术大学","公办职业本科","4113016203","河北省","邢台市","本科","","","","","其他所属","公办本科","已匹配教育部名单"
"97","河北","河北科技师范学院","公办普通本科","4113010798","河北省","秦皇岛市","本科","","","","","其他所属","公办本科","已匹配教育部名单"
"87","河北","河北民族师范学院","公办普通本科","4113010098","河北省","承德市","本科","","","","","其他所属","公办本科","已匹配教育部名单"
"81","河北","河北农业大学","公办普通本科","4113010086","河北省","保定市","本科","","","","","其他所属","公办本科","已匹配教育部名单"
"109","河北","河北软件职业技术大学","公办职业本科","","","","","","","","","待补","公办本科","待校对"
"85","河北","河北师范大学","公办普通本科","4113010094","河北省","石家庄市","本科","","","","","其他所属","公办本科","已匹配教育部名单"
"106","河北","河北石油大学","公办普通本科","","","","","","","","","待补","公办本科","待校对"
"80","河北","河北水利电力学院","公办普通本科","4113010085","河北省","沧州市","本科","","","","","其他所属","公办本科","已匹配教育部名单"
"82","河北","河北医科大学","公办普通本科","4113010089","河北省","石家庄市","本科","","","","","其他所属","公办本科","已匹配教育部名单"
"103","河北","河北中医学院","公办普通本科","","","","","","","","","待补","公办本科","待校对"
"90","河北","衡水学院","公办普通本科","4113010101","河北省","衡水市","本科","","","","","其他所属","公办本科","已匹配教育部名单"
"77","河北","华北理工大学","公办普通本科","4113010081","河北省","唐山市","本科","","","","","其他所属","公办本科","已匹配教育部名单"
"89","河北","廊坊师范学院","公办普通本科","4113010100","河北省","廊坊市","本科","","","","","其他所属","公办本科","已匹配教育部名单"
"95","河北","石家庄铁道大学","公办普通本科","4113010107","河北省","石家庄市","本科","","","","","其他所属","公办本科","已匹配教育部名单"
"91","河北","石家庄学院","公办普通本科","4113010102","河北省","石家庄市","本科","","","","","其他所属","公办本科","已匹配教育部名单"
"88","河北","唐山师范学院","公办普通本科","4113010099","河北省","唐山市","本科","","","","","其他所属","公办本科","已匹配教育部名单"
"98","河北","唐山学院","公办普通本科","4113011033","河北省","唐山市","本科","","","","","其他所属","公办本科","已匹配教育部名单"
"93","河北","邢台学院","公办普通本科","4113010104","河北省","邢台市","本科","","","","","其他所属","公办本科","已匹配教育部名单"
"96","河北","燕山大学","公办普通本科","4113010216","河北省","秦皇岛市","本科","","","","","其他所属","公办本科","已匹配教育部名单"
"104","河北","张家口学院","公办普通本科","4113014458","河北省","张家口市","本科","","","","","其他所属","公办本科","已匹配教育部名单"
"102","河北","中央司法警官学院","公办普通本科","4113011903","司法部","保定市","本科","","","","","其他所属","公办本科","已匹配教育部名单"
"484","河南","安阳工学院","公办普通本科","4141011330","河南省","安阳市","本科","","","","","其他所属","公办本科","已匹配教育部名单"
"479","河南","安阳师范学院","公办普通本科","4141010479","河南省","安阳市","本科","","","","","其他所属","公办本科","已匹配教育部名单"
"485","河南","河南财经政法大学","公办普通本科","4141010484","河南省","郑州市","本科","","","","","其他所属","公办本科","已匹配教育部名单"
"496","河南","河南财政金融学院","公办普通本科","4141011652","河南省","郑州市","本科","","","","","其他所属","公办本科","已匹配教育部名单"
"499","河南","河南城建学院","公办普通本科","4141011765","河南省","平顶山市","本科","","","","","其他所属","公办本科","已匹配教育部名单"
"466","河南","河南大学","公办普通本科","4141010475","河南省","开封市","本科","","","","是","其他所属","双一流","已匹配教育部名单"
"473","河南","河南大学民生学院","公办普通本科","","","","","","","","","待补","公办本科","待校对"
"490","河南","河南工程学院","公办普通本科","4141011517","河南省","郑州市","本科","","","","","其他所属","公办本科","已匹配教育部名单"
"497","河南","河南工学院","公办普通本科","4141011329","河南省","新乡市","本科","","","","","其他所属","公办本科","已匹配教育部名单"
"468","河南","河南工业大学","公办普通本科","4141010463","河南省","郑州市","本科","","","","","其他所属","公办本科","已匹配教育部名单"
"493","河南","河南警察学院","公办普通本科","4141011788","河南省","郑州市","本科","","","","","其他所属","公办本科","已匹配教育部名单"
"470","河南","河南科技大学","公办普通本科","4141010464","河南省","洛阳市","本科","","","","","其他所属","公办本科","已匹配教育部名单"
"487","河南","河南科技学院","公办普通本科","4141010467","河南省","新乡市","本科","","","","","其他所属","公办本科","已匹配教育部名单"
"467","河南","河南理工大学","公办普通本科","4141010460","河南省","焦作市","本科","","","","","其他所属","公办本科","已匹配教育部名单"
"489","河南","河南牧业经济学院","公办普通本科","4141010469","河南省","郑州市","本科","","","","","其他所属","公办本科","已匹配教育部名单"
"469","河南","河南农业大学","公办普通本科","4141010466","河南省","郑州市","本科","","","","","其他所属","公办本科","已匹配教育部名单"
"474","河南","河南师范大学","公办普通本科","4141010476","河南省","新乡市","本科","","","","","其他所属","公办本科","已匹配教育部名单"
"500","河南","河南职业大学","公办职业本科","","","","","","","","","待补","公办本科","待校对"
"471","河南","河南中医药大学","公办普通本科","4141010471","河南省","郑州市","本科","","","","","其他所属","公办本科","已匹配教育部名单"
"494","河南","黄河科技学院","公办普通本科","4141011834","河南省教育厅","郑州市","本科","民办","","","","地方所属","公办本科","已匹配教育部名单"
"480","河南","黄淮学院","公办普通本科","4141010918","河南省","驻马店市","本科","","","","","其他所属","公办本科","已匹配教育部名单"
"488","河南","洛阳理工学院","公办普通本科","4141011070","河南省","洛阳市","本科","","","","","其他所属","公办本科","已匹配教育部名单"
"477","河南","洛阳师范学院","公办普通本科","4141010482","河南省","洛阳市","本科","","","","","其他所属","公办本科","已匹配教育部名单"
"492","河南","南阳理工学院","公办普通本科","4141011653","河南省","南阳市","本科","","","","","其他所属","公办本科","已匹配教育部名单"
"476","河南","南阳师范学院","公办普通本科","4141010481","河南省","南阳市","本科","","","","","其他所属","公办本科","已匹配教育部名单"
"483","河南","平顶山学院","公办普通本科","4141010919","河南省","平顶山市","本科","","","","","其他所属","公办本科","已匹配教育部名单"
"478","河南","商丘师范学院","公办普通本科","4141010483","河南省","商丘市","本科","","","","","其他所属","公办本科","已匹配教育部名单"
"472","河南","新乡医学院","公办普通本科","","","","","","","","","待补","公办本科","待校对"
"475","河南","信阳师范大学","公办普通本科","4141010477","河南省","信阳市","本科","","","","","其他所属","公办本科","已匹配教育部名单"
"482","河南","许昌学院","公办普通本科","4141010480","河南省","许昌市","本科","","","","","其他所属","公办本科","已匹配教育部名单"
"465","河南","郑州大学","公办普通本科","4141010459","河南省","郑州市","本科","","","是","是","其他所属","211/双一流","已匹配教育部名单"
"491","河南","郑州工程技术学院","公办普通本科","4141011068","河南省","郑州市","本科","","","","","其他所属","公办本科","已匹配教育部名单"
"486","河南","郑州航空工业管理学院","公办普通本科","4141010485","河南省","郑州市","本科","","","","","其他所属","公办本科","已匹配教育部名单"
"498","河南","郑州轻工业大学","公办普通本科","4141010462","河南省","郑州市","本科","","","","","其他所属","公办本科","已匹配教育部名单"
"495","河南","郑州师范学院","公办普通本科","4141012949","河南省","郑州市","本科","","","","","其他所属","公办本科","已匹配教育部名单"
"481","河南","周口师范学院","公办普通本科","4141010478","河南省","周口市","本科","","","","","其他所属","公办本科","已匹配教育部名单"
"231","黑龙江","大庆师范学院","公办普通本科","4123010235","黑龙江省","大庆市","本科","","","","","其他所属","公办本科","已匹配教育部名单"
"223","黑龙江","东北林业大学","公办普通本科","4123010225","教育部","哈尔滨市","本科","","","是","是","教育部直属","211/双一流","已匹配教育部名单"
"222","黑龙江","东北农业大学","公办普通本科","4123010224","黑龙江省","哈尔滨市","本科","","","是","是","其他所属","211/双一流","已匹配教育部名单"
"219","黑龙江","东北石油大学","公办普通本科","4123010220","黑龙江省","大庆市","本科","","","","","其他所属","公办本科","已匹配教育部名单"
"217","黑龙江","哈尔滨工程大学","公办普通本科","4123010217","工业和信息化部","哈尔滨市","本科","","","是","是","中央部委所属","211/双一流","已匹配教育部名单"
"215","黑龙江","哈尔滨工业大学","公办普通本科","4123010213","工业和信息化部","哈尔滨市","本科","","是","是","是","中央部委所属","985/211/双一流","已匹配教育部名单"
"234","黑龙江","哈尔滨金融学院","公办普通本科","4123010245","黑龙江省","哈尔滨市","本科","","","","","其他所属","公办本科","已匹配教育部名单"
"216","黑龙江","哈尔滨理工大学","公办普通本科","4123010214","黑龙江省","哈尔滨市","本科","","","","","其他所属","公办本科","已匹配教育部名单"
"227","黑龙江","哈尔滨师范大学","公办普通本科","4123010231","黑龙江省","哈尔滨市","本科","","","","","其他所属","公办本科","已匹配教育部名单"
"239","黑龙江","哈尔滨体育学院","公办普通本科","4123010242","黑龙江省","哈尔滨市","本科","","","","","其他所属","公办本科","已匹配教育部名单"
"230","黑龙江","哈尔滨学院","公办普通本科","4123010234","黑龙江省","哈尔滨市","本科","","","","","其他所属","公办本科","已匹配教育部名单"
"224","黑龙江","哈尔滨医科大学","公办普通本科","4123010226","黑龙江省","哈尔滨市","本科","","","","是","其他所属","双一流","已匹配教育部名单"
"236","黑龙江","哈尔滨音乐学院","公办普通本科","4123014560","黑龙江省","哈尔滨市","本科","","","","","其他所属","公办本科","已匹配教育部名单"
"221","黑龙江","黑龙江八一农垦大学","公办普通本科","4123010223","黑龙江省","大庆市","本科","","","","","其他所属","公办本科","已匹配教育部名单"
"214","黑龙江","黑龙江大学","公办普通本科","4123010212","黑龙江省","哈尔滨市","本科","","","","是","其他所属","双一流","已匹配教育部名单"
"233","黑龙江","黑龙江东方学院","公办普通本科","4123011446","黑龙江省教育厅","哈尔滨市","本科","民办","","","","地方所属","公办本科","已匹配教育部名单"
"238","黑龙江","黑龙江工程学院","公办普通本科","4123011802","黑龙江省","哈尔滨市","本科","","","","","其他所属","公办本科","已匹配教育部名单"
"235","黑龙江","黑龙江工商学院","公办普通本科","4123013300","黑龙江省教育厅","哈尔滨市","本科","民办","","","","地方所属","公办本科","已匹配教育部名单"
"237","黑龙江","黑龙江工业学院","公办普通本科","4123011445","黑龙江省","鸡西市","本科","","","","","其他所属","公办本科","已匹配教育部名单"
"218","黑龙江","黑龙江科技大学","公办普通本科","4123010219","黑龙江省","哈尔滨市","本科","","","","","其他所属","公办本科","已匹配教育部名单"
"240","黑龙江","黑龙江职业大学","公办职业本科","","","","","","","","","待补","公办本科","待校对"
"225","黑龙江","黑龙江中医药大学","公办普通本科","4123010228","黑龙江省","哈尔滨市","本科","","","","","其他所属","公办本科","已匹配教育部名单"
"220","黑龙江","佳木斯大学","公办普通本科","4123010222","黑龙江省","佳木斯市","本科","","","","","其他所属","公办本科","已匹配教育部名单"
"229","黑龙江","牡丹江师范学院","公办普通本科","4123010233","黑龙江省","牡丹江市","本科","","","","","其他所属","公办本科","已匹配教育部名单"
"226","黑龙江","牡丹江医学院","公办普通本科","","","","","","","","","待补","公办本科","待校对"
"228","黑龙江","齐齐哈尔大学","公办普通本科","4123010232","黑龙江省","齐齐哈尔市","本科","","","","","其他所属","公办本科","已匹配教育部名单"
"232","黑龙江","绥化学院","公办普通本科","4123010236","黑龙江省","绥化市","本科","","","","","其他所属","公办本科","已匹配教育部名单"
"517","湖北","汉江师范学院","公办普通本科","4142010518","湖北省","十堰市","本科","","","","","其他所属","公办本科","已匹配教育部名单"
"513","湖北","湖北大学","公办普通本科","4142010512","湖北省","武汉市","本科","","","","","其他所属","公办本科","已匹配教育部名单"
"521","湖北","湖北第二师范学院","公办普通本科","4142014099","湖北省","武汉市","本科","","","","","其他所属","公办本科","已匹配教育部名单"
"519","湖北","湖北工程学院","公办普通本科","4142010528","湖北省","孝感市","本科","","","","","其他所属","公办本科","已匹配教育部名单"
"509","湖北","湖北工业大学","公办普通本科","4142010500","湖北省","武汉市","本科","","","","","其他所属","公办本科","已匹配教育部名单"
"525","湖北","湖北经济学院","公办普通本科","4142011600","湖北省","武汉市","本科","","","","","其他所属","公办本科","已匹配教育部名单"
"527","湖北","湖北警官学院","公办普通本科","4142011332","湖北省","武汉市","本科","","","","","其他所属","公办本科","已匹配教育部名单"
"520","湖北","湖北科技学院","公办普通本科","4142010927","湖北省","咸宁市","本科","","","","","其他所属","公办本科","已匹配教育部名单"
"523","湖北","湖北美术学院","公办普通本科","4142010523","湖北省","武汉市","本科","","","","","其他所属","公办本科","已匹配教育部名单"
"516","湖北","湖北民族大学","公办普通本科","4142010517","湖北省","恩施土家族苗族自治州","本科","","","","","其他所属","公办本科","已匹配教育部名单"
"514","湖北","湖北师范大学","公办普通本科","4142010513","湖北省","黄石市","本科","","","","","其他所属","公办本科","已匹配教育部名单"
"518","湖北","湖北文理学院","公办普通本科","4142010519","湖北省","襄阳市","本科","","","","","其他所属","公办本科","已匹配教育部名单"
"511","湖北","湖北中医药大学","公办普通本科","4142010507","湖北省","武汉市","本科","","","","","其他所属","公办本科","已匹配教育部名单"
"502","湖北","华中科技大学","公办普通本科","4142010487","教育部","武汉市","本科","","是","是","是","教育部直属","985/211/双一流","已匹配教育部名单"
"510","湖北","华中农业大学","公办普通本科","4142010504","教育部","武汉市","本科","","","是","是","教育部直属","211/双一流","已匹配教育部名单"
"512","湖北","华中师范大学","公办普通本科","4142010511","教育部","武汉市","本科","","","是","是","教育部直属","211/双一流","已匹配教育部名单"
"515","湖北","黄冈师范学院","公办普通本科","4142010514","湖北省","黄冈市","本科","","","","","其他所属","公办本科","已匹配教育部名单"
"528","湖北","三峡大学","公办普通本科","4142011075","湖北省","宜昌市","本科","","","","","其他所属","公办本科","已匹配教育部名单"
"530","湖北","武昌理工学院","公办普通本科","4142012310","湖北省教育厅","武汉市","本科","民办","","","","地方所属","公办本科","已匹配教育部名单"
"501","湖北","武汉大学","公办普通本科","4142010486","教育部","武汉市","本科","","是","是","是","教育部直属","985/211/双一流","已匹配教育部名单"
"529","湖北","武汉东湖学院","公办普通本科","4142011798","湖北省教育厅","武汉市","本科","民办","","","","地方所属","公办本科","已匹配教育部名单"
"507","湖北","武汉纺织大学","公办普通本科","4142010495","湖北省","武汉市","本科","","","","","其他所属","公办本科","已匹配教育部名单"
"505","湖北","武汉工程大学","公办普通本科","4142010490","湖北省","武汉市","本科","","","","","其他所属","公办本科","已匹配教育部名单"
"503","湖北","武汉科技大学","公办普通本科","4142010488","湖北省","武汉市","本科","","","","","其他所属","公办本科","已匹配教育部名单"
"508","湖北","武汉轻工大学","公办普通本科","4142010496","湖北省","武汉市","本科","","","","","其他所属","公办本科","已匹配教育部名单"
"526","湖北","武汉商学院","公办普通本科","4142011654","湖北省","武汉市","本科","","","","","其他所属","公办本科","已匹配教育部名单"
"531","湖北","武汉生物工程学院","公办普通本科","4142012362","湖北省教育厅","武汉市","本科","民办","","","","地方所属","公办本科","已匹配教育部名单"
"522","湖北","武汉体育学院","公办普通本科","4142010522","湖北省","武汉市","本科","","","","","其他所属","公办本科","已匹配教育部名单"
"524","湖北","武汉音乐学院","公办普通本科","4142011524","湖北省","武汉市","本科","","","","","其他所属","公办本科","已匹配教育部名单"
"532","湖北","武汉职业大学","公办职业本科","","","","","","","","","待补","公办本科","待校对"
"504","湖北","长江大学","公办普通本科","4142010489","湖北省","荆州市","本科","","","","","其他所属","公办本科","已匹配教育部名单"
"506","湖北","中国地质大学(武汉)","公办普通本科","4142010491","教育部","武汉市","本科","","","是","是","教育部直属","211/双一流","已匹配教育部名单"
"543","湖南","衡阳师范学院","公办普通本科","4143010546","湖南省","衡阳市","本科","","","","","其他所属","公办本科","已匹配教育部名单"
"552","湖南","湖南城市学院","公办普通本科","4143011527","湖南省","益阳市","本科","","","","","其他所属","公办本科","已匹配教育部名单"
"534","湖南","湖南大学","公办普通本科","4143010532","教育部","长沙市","本科","","是","是","是","教育部直属","985/211/双一流","已匹配教育部名单"
"555","湖南","湖南第一师范学院","公办普通本科","4143012034","湖南省","长沙市","本科","","","","","其他所属","公办本科","已匹配教育部名单"
"551","湖南","湖南工程学院","公办普通本科","4143011342","湖南省","湘潭市","本科","","","","","其他所属","公办本科","已匹配教育部名单"
"548","湖南","湖南工商大学","公办普通本科","4143010554","湖南省","长沙市","本科","","","","","其他所属","公办本科","已匹配教育部名单"
"553","湖南","湖南工业大学","公办普通本科","4143011535","湖南省","株洲市","本科","","","","","其他所属","公办本科","已匹配教育部名单"
"560","湖南","湖南交通工程学院","公办普通本科","4143013924","湖南省教育厅","衡阳市","本科","民办","","","","地方所属","公办本科","已匹配教育部名单"
"558","湖南","湖南警察学院","公办普通本科","4143011534","湖南省","长沙市","本科","","","","","其他所属","公办本科","已匹配教育部名单"
"536","湖南","湖南科技大学","公办普通本科","4143010534","湖南省","湘潭市","本科","","","","","其他所属","公办本科","已匹配教育部名单"
"547","湖南","湖南科技学院","公办普通本科","4143010551","湖南省","永州市","本科","","","","","其他所属","公办本科","已匹配教育部名单"
"541","湖南","湖南理工学院","公办普通本科","4143010543","湖南省","岳阳市","本科","","","","","其他所属","公办本科","已匹配教育部名单"
"538","湖南","湖南农业大学","公办普通本科","4143010537","湖南省","长沙市","本科","","","","","其他所属","公办本科","已匹配教育部名单"
"554","湖南","湖南女子学院","公办普通本科","4143011538","湖南省","长沙市","本科","","","","","其他所属","公办本科","已匹配教育部名单"
"562","湖南","湖南软件职业技术大学","公办职业本科","4143013925","湖南省教育厅","湘潭市","本科","民办","","","","地方所属","公办本科","已匹配教育部名单"
"540","湖南","湖南师范大学","公办普通本科","4143010542","湖南省","长沙市","本科","","","是","是","其他所属","211/双一流","已匹配教育部名单"
"546","湖南","湖南文理学院","公办普通本科","4143010549","湖南省","常德市","本科","","","","","其他所属","公办本科","已匹配教育部名单"
"556","湖南","湖南医药学院","公办普通本科","4143012214","湖南省","怀化市","本科","","","","","其他所属","公办本科","已匹配教育部名单"
"559","湖南","湖南应用技术学院","公办普通本科","4143013809","湖南省教育厅","常德市","本科","民办","","","","地方所属","公办本科","已匹配教育部名单"
"539","湖南","湖南中医药大学","公办普通本科","4143010541","湖南省","长沙市","本科","","","","","其他所属","公办本科","已匹配教育部名单"
"545","湖南","怀化学院","公办普通本科","4143010548","湖南省","怀化市","本科","","","","","其他所属","公办本科","已匹配教育部名单"
"549","湖南","南华大学","公办普通本科","4143010555","湖南省","衡阳市","本科","","","","","其他所属","公办本科","已匹配教育部名单"
"544","湖南","邵阳学院","公办普通本科","4143010547","湖南省","邵阳市","本科","","","","","其他所属","公办本科","已匹配教育部名单"
"542","湖南","湘南学院","公办普通本科","4143010545","湖南省","郴州市","本科","","","","","其他所属","公办本科","已匹配教育部名单"
"535","湖南","湘潭大学","公办普通本科","4143010530","湖南省","湘潭市","本科","","","","是","其他所属","双一流","已匹配教育部名单"
"550","湖南","长沙理工大学","公办普通本科","4143010536","湖南省","长沙市","本科","","","","","其他所属","公办本科","已匹配教育部名单"
"561","湖南","长沙师范学院","公办普通本科","4143013806","湖南省","长沙市","本科","","","","","其他所属","公办本科","已匹配教育部名单"
"557","湖南","长沙学院","公办普通本科","4143011077","湖南省","长沙市","本科","","","","","其他所属","公办本科","已匹配教育部名单"
"533","湖南","中南大学","公办普通本科","4143010533","教育部","长沙市","本科","","是","是","是","教育部直属","985/211/双一流","已匹配教育部名单"
"537","湖南","中南林业科技大学","公办普通本科","4143010538","湖南省","长沙市","本科","","","","","其他所属","公办本科","已匹配教育部名单"
"202","吉林","白城师范学院","公办普通本科","4122010206","吉林省","白城市","本科","","","","","其他所属","公办本科","已匹配教育部名单"
"197","吉林","北华大学","公办普通本科","4122010201","吉林省","吉林市","本科","","","","","其他所属","公办本科","已匹配教育部名单"
"192","吉林","东北电力大学","公办普通本科","4122010188","吉林省","吉林市","本科","","","","","其他所属","公办本科","已匹配教育部名单"
"196","吉林","东北师范大学","公办普通本科","4122010200","教育部","长春市","本科","","","是","是","教育部直属","211/双一流","已匹配教育部名单"
"203","吉林","吉林财经大学","公办普通本科","4122010207","吉林省","长春市","本科","","","","","其他所属","公办本科","已匹配教育部名单"
"188","吉林","吉林大学","公办普通本科","4122010183","教育部","长春市","本科","","是","是","是","教育部直属","985/211/双一流","已匹配教育部名单"
"200","吉林","吉林工程技术师范学院","公办普通本科","4122010204","吉林省","长春市","本科","","","","","其他所属","公办本科","已匹配教育部名单"
"213","吉林","吉林工程职业大学","公办职业本科","","","","","","","","","待补","公办本科","待校对"
"210","吉林","吉林工商学院","公办普通本科","4122011261","吉林省","长春市","本科","","","","","其他所属","公办本科","已匹配教育部名单"
"190","吉林","吉林化工学院","公办普通本科","","","","","","","","","待补","公办本科","待校对"
"193","吉林","吉林建筑大学","公办普通本科","4122010191","吉林省","长春市","本科","","","","","其他所属","公办本科","已匹配教育部名单"
"206","吉林","吉林警察学院","公办普通本科","4122011441","吉林省","长春市","本科","","","","","其他所属","公办本科","已匹配教育部名单"
"194","吉林","吉林农业大学","公办普通本科","4122010193","吉林省","长春市","本科","","","","","其他所属","公办本科","已匹配教育部名单"
"199","吉林","吉林师范大学","公办普通本科","4122010203","吉林省","四平市","本科","","","","","其他所属","公办本科","已匹配教育部名单"
"205","吉林","吉林体育学院","公办普通本科","4122010208","吉林省","长春市","本科","","","","","其他所属","公办本科","已匹配教育部名单"
"204","吉林","吉林艺术学院","公办普通本科","4122010209","吉林省","长春市","本科","","","","","其他所属","公办本科","已匹配教育部名单"
"198","吉林","通化师范学院","公办普通本科","4122010202","吉林省","通化市","本科","","","","","其他所属","公办本科","已匹配教育部名单"
"189","吉林","延边大学","公办普通本科","4122010184","吉林省","延边朝鲜族自治州","本科","","","是","是","其他所属","211/双一流","已匹配教育部名单"
"208","吉林","长春大学","公办普通本科","4122011726","吉林省","长春市","本科","","","","","其他所属","公办本科","已匹配教育部名单"
"207","吉林","长春工程学院","公办普通本科","4122011437","吉林省","长春市","本科","","","","","其他所属","公办本科","已匹配教育部名单"
"191","吉林","长春工业大学","公办普通本科","4122010190","吉林省","长春市","本科","","","","","其他所属","公办本科","已匹配教育部名单"
"201","吉林","长春师范大学","公办普通本科","4122010205","吉林省","长春市","本科","","","","","其他所属","公办本科","已匹配教育部名单"
"195","吉林","长春中医药大学","公办普通本科","4122010199","吉林省","长春市","本科","","","","","其他所属","公办本科","已匹配教育部名单"
"305","江苏","常熟理工学院","公办普通本科","","","","","","","","","待补","公办本科","待校对"
"277","江苏","常州大学","公办普通本科","4132010292","江苏省","常州市","本科","","","","","其他所属","公办本科","已匹配教育部名单"
"296","江苏","常州工学院","公办普通本科","4132011055","江苏省","常州市","本科","","","","","其他所属","公办本科","已匹配教育部名单"
"271","江苏","东南大学","公办普通本科","4132010286","教育部","南京市","本科","","是","是","是","教育部直属","985/211/双一流","已匹配教育部名单"
"295","江苏","淮阴工学院","公办普通本科","4132011049","江苏省","淮安市","本科","","","","","其他所属","公办本科","已匹配教育部名单"
"291","江苏","淮阴师范学院","公办普通本科","4132010323","江苏省","淮安市","本科","","","","","其他所属","公办本科","已匹配教育部名单"
"279","江苏","江南大学","公办普通本科","4132010295","教育部","无锡市","本科","","","是","是","教育部直属","211/双一流","已匹配教育部名单"
"281","江苏","江苏大学","公办普通本科","4132010299","江苏省","镇江市","本科","","","","","其他所属","公办本科","已匹配教育部名单"
"307","江苏","江苏第二师范学院","公办普通本科","4132014436","江苏省","南京市","本科","","","","","其他所属","公办本科","已匹配教育部名单"
"302","江苏","江苏警官学院","公办普通本科","4132010329","江苏省","南京市","本科","","","","","其他所属","公办本科","已匹配教育部名单"
"274","江苏","江苏科技大学","公办普通本科","4132010289","江苏省","镇江市","本科","","","","","其他所属","公办本科","已匹配教育部名单"
"294","江苏","江苏理工学院","公办普通本科","4132011463","江苏省","常州市","本科","","","","","其他所属","公办本科","已匹配教育部名单"
"290","江苏","江苏师范大学","公办普通本科","4132010320","江苏省","徐州市","本科","","","","","其他所属","公办本科","已匹配教育部名单"
"293","江苏","南京财经大学","公办普通本科","4132010327","江苏省","南京市","本科","","","","","其他所属","公办本科","已匹配教育部名单"
"269","江苏","南京大学","公办普通本科","4132010284","教育部","南京市","本科","","是","是","是","教育部直属","985/211/双一流","已匹配教育部名单"
"276","江苏","南京工业大学","公办普通本科","4132010291","江苏省","南京市","本科","","","","","其他所属","公办本科","已匹配教育部名单"
"312","江苏","南京工业职业技术大学","公办职业本科","4132010850","江苏省","南京市","本科","","","","","其他所属","公办本科","已匹配教育部名单"
"272","江苏","南京航空航天大学","公办普通本科","4132010287","工业和信息化部","南京市","本科","","","是","是","中央部委所属","211/双一流","已匹配教育部名单"
"273","江苏","南京理工大学","公办普通本科","4132010288","工业和信息化部","南京市","本科","","","是","是","中央部委所属","211/双一流","已匹配教育部名单"
"280","江苏","南京林业大学","公办普通本科","4132010298","江苏省","南京市","本科","","","","是","其他所属","双一流","已匹配教育部名单"
"284","江苏","南京农业大学","公办普通本科","4132010307","教育部","南京市","本科","","","是","是","教育部直属","211/双一流","已匹配教育部名单"
"303","江苏","南京森林警察学院","公办普通本科","","","","","","","","","待补","公办本科","待校对"
"289","江苏","南京师范大学","公办普通本科","4132010319","江苏省","南京市","本科","","","是","是","其他所属","211/双一流","已匹配教育部名单"
"308","江苏","南京特殊教育师范学院","公办普通本科","4132012048","江苏省","南京市","本科","","","","","其他所属","公办本科","已匹配教育部名单"
"301","江苏","南京体育学院","公办普通本科","4132010330","江苏省","南京市","本科","","","","","其他所属","公办本科","已匹配教育部名单"
"306","江苏","南京晓庄学院","公办普通本科","4132011460","江苏省","南京市","本科","","","","","其他所属","公办本科","已匹配教育部名单"
"282","江苏","南京信息工程大学","公办普通本科","4132010300","江苏省","南京市","本科","","","","是","其他所属","双一流","已匹配教育部名单"
"285","江苏","南京医科大学","公办普通本科","4132010312","江苏省","南京市","本科","","","","是","其他所属","双一流","已匹配教育部名单"
"300","江苏","南京艺术学院","公办普通本科","4132010331","江苏省","南京市","本科","","","","","其他所属","公办本科","已匹配教育部名单"
"278","江苏","南京邮电大学","公办普通本科","4132010293","江苏省","南京市","本科","","","","","其他所属","公办本科","已匹配教育部名单"
"287","江苏","南京中医药大学","公办普通本科","4132010315","江苏省","南京市","本科","","","","是","其他所属","双一流","已匹配教育部名单"
"283","江苏","南通大学","公办普通本科","4132010304","江苏省","南通市","本科","","","","","其他所属","公办本科","已匹配教育部名单"
"311","江苏","南通理工学院","公办普通本科","4132012056","江苏省教育厅","南通市","本科","民办","","","","地方所属","公办本科","已匹配教育部名单"
"299","江苏","三江学院","公办普通本科","4132011122","江苏省教育厅","南京市","本科","民办","","","","地方所属","公办本科","已匹配教育部名单"
"310","江苏","苏州城市学院","公办普通本科","4132013983","江苏省","苏州市","本科","","","","","其他所属","公办本科","已匹配教育部名单"
"270","江苏","苏州大学","公办普通本科","4132010285","江苏省","苏州市","本科","","","是","是","其他所属","211/双一流","已匹配教育部名单"
"313","江苏","苏州职业大学","公办职业本科","","","","","","","","","待补","公办本科","待校对"
"304","江苏","泰州学院","公办普通本科","4132012917","江苏省","泰州市","本科","","","","","其他所属","公办本科","已匹配教育部名单"
"309","江苏","无锡学院","公办普通本科","4132013982","江苏省","无锡市","本科","","","","","其他所属","公办本科","已匹配教育部名单"
"286","江苏","徐州医科大学","公办普通本科","4132010313","江苏省","徐州市","本科","","","","","其他所属","公办本科","已匹配教育部名单"
"297","江苏","盐城工学院","公办普通本科","4132010305","江苏省","盐城市","本科","","","","","其他所属","公办本科","已匹配教育部名单"
"292","江苏","盐城师范学院","公办普通本科","4132010324","江苏省","盐城市","本科","","","","","其他所属","公办本科","已匹配教育部名单"
"298","江苏","扬州大学","公办普通本科","4132011117","江苏省","扬州市","本科","","","","","其他所属","公办本科","已匹配教育部名单"
"275","江苏","中国矿业大学","公办普通本科","4132010290","教育部","徐州市","本科","","","是","是","教育部直属","211/双一流","已匹配教育部名单"
"288","江苏","中国药科大学","公办普通本科","4132010316","教育部","南京市","本科","","","是","是","教育部直属","211/双一流","已匹配教育部名单"
"399","江西","东华理工大学","公办普通本科","4136010405","江西省","抚州市","本科","","","","","其他所属","公办本科","已匹配教育部名单"
"406","江西","赣南师范大学","公办普通本科","4136010418","江西省","赣州市","本科","","","","","其他所属","公办本科","已匹配教育部名单"
"412","江西","赣南医学院","公办普通本科","","","","","","","","","待补","公办本科","待校对"
"398","江西","华东交通大学","公办普通本科","4136010404","江西省","南昌市","本科","","","","","其他所属","公办本科","已匹配教育部名单"
"408","江西","江西财经大学","公办普通本科","4136010421","江西省","南昌市","本科","","","","","其他所属","公办本科","已匹配教育部名单"
"417","江西","江西警察学院","公办普通本科","4136011504","江西省","南昌市","本科","","","","","其他所属","公办本科","已匹配教育部名单"
"409","江西","江西科技师范大学","公办普通本科","4136011318","江西省","南昌市","本科","","","","","其他所属","公办本科","已匹配教育部名单"
"401","江西","江西理工大学","公办普通本科","4136010407","江西省","赣州市","本科","","","","","其他所属","公办本科","已匹配教育部名单"
"402","江西","江西农业大学","公办普通本科","4136010410","江西省","南昌市","本科","","","","","其他所属","公办本科","已匹配教育部名单"
"420","江西","江西软件职业技术大学","公办职业本科","4136013776","江西省教育厅","南昌市","本科","民办","","","","地方所属","公办本科","已匹配教育部名单"
"404","江西","江西师范大学","公办普通本科","4136010414","江西省","南昌市","本科","","","","","其他所属","公办本科","已匹配教育部名单"
"403","江西","江西中医药大学","公办普通本科","4136010412","江西省","南昌市","本科","","","","","其他所属","公办本科","已匹配教育部名单"
"407","江西","井冈山大学","公办普通本科","4136010419","江西省","吉安市","本科","","","","","其他所属","公办本科","已匹配教育部名单"
"416","江西","景德镇学院","公办普通本科","4136010894","江西省","景德镇市","本科","","","","","其他所属","公办本科","已匹配教育部名单"
"413","江西","九江学院","公办普通本科","4136011843","江西省","九江市","本科","","","","","其他所属","公办本科","已匹配教育部名单"
"397","江西","南昌大学","公办普通本科","4136010403","江西省","南昌市","本科","","","是","是","其他所属","211/双一流","已匹配教育部名单"
"410","江西","南昌工程学院","公办普通本科","","","","","","","","","待补","公办本科","待校对"
"400","江西","南昌航空大学","公办普通本科","4136010406","江西省","南昌市","本科","","","","","其他所属","公办本科","已匹配教育部名单"
"414","江西","南昌师范学院","公办普通本科","4136014437","江西省","南昌市","本科","","","","","其他所属","公办本科","已匹配教育部名单"
"419","江西","南昌医学院","公办普通本科","4136013437","江西省","南昌市","本科","","","","","其他所属","公办本科","已匹配教育部名单"
"415","江西","萍乡学院","公办普通本科","4136010895","江西省","萍乡市","本科","","","","","其他所属","公办本科","已匹配教育部名单"
"405","江西","上饶师范学院","公办普通本科","4136010416","江西省","上饶市","本科","","","","","其他所属","公办本科","已匹配教育部名单"
"411","江西","宜春学院","公办普通本科","4136010417","江西省","宜春市","本科","","","","","其他所属","公办本科","已匹配教育部名单"
"418","江西","豫章师范学院","公办普通本科","4136013774","江西省","南昌市","本科","","","","","其他所属","公办本科","已匹配教育部名单"
"172","辽宁","鞍山师范学院","公办普通本科","4121010169","辽宁省","鞍山市","本科","","","","","其他所属","公办本科","已匹配教育部名单"
"171","辽宁","渤海大学","公办普通本科","4121010167","辽宁省","锦州市","本科","","","","","其他所属","公办本科","已匹配教育部名单"
"182","辽宁","大连大学","公办普通本科","4121011258","辽宁省","大连市","本科","","","","","其他所属","公办本科","已匹配教育部名单"
"160","辽宁","大连工业大学","公办普通本科","4121010152","辽宁省","大连市","本科","","","","","其他所属","公办本科","已匹配教育部名单"
"159","辽宁","大连海事大学","公办普通本科","4121010151","交通运输部","大连市","本科","","","是","是","中央部委所属","211/双一流","已匹配教育部名单"
"163","辽宁","大连海洋大学","公办普通本科","4121010158","辽宁省","大连市","本科","","","","","其他所属","公办本科","已匹配教育部名单"
"158","辽宁","大连交通大学","公办普通本科","4121010150","辽宁省","大连市","本科","","","","","其他所属","公办本科","已匹配教育部名单"
"149","辽宁","大连理工大学","公办普通本科","4121010141","教育部","大连市","本科","","是","是","是","教育部直属","985/211/双一流","已匹配教育部名单"
"173","辽宁","大连外国语大学","公办普通本科","4121010172","辽宁省","大连市","本科","","","","","其他所属","公办本科","已匹配教育部名单"
"166","辽宁","大连医科大学","公办普通本科","4121010161","辽宁省","大连市","本科","","","","","其他所属","公办本科","已匹配教育部名单"
"174","辽宁","东北财经大学","公办普通本科","4121010173","辽宁省","大连市","本科","","","","","其他所属","公办本科","已匹配教育部名单"
"153","辽宁","东北大学","公办普通本科","4121010145","教育部","沈阳市","本科","","是","是","是","教育部直属","985/211/双一流","已匹配教育部名单"
"165","辽宁","锦州医科大学","公办普通本科","4121010160","辽宁省","锦州市","本科","","","","","其他所属","公办本科","已匹配教育部名单"
"180","辽宁","辽东学院","公办普通本科","4121011779","辽宁省","丹东市","本科","","","","","其他所属","公办本科","已匹配教育部名单"
"148","辽宁","辽宁大学","公办普通本科","4121010140","辽宁省","沈阳市","本科","","","是","是","其他所属","211/双一流","已匹配教育部名单"
"155","辽宁","辽宁工程技术大学","公办普通本科","4121010147","辽宁省","阜新市","本科","","","","","其他所属","公办本科","已匹配教育部名单"
"185","辽宁","辽宁轨道交通职业大学","公办职业本科","","","","","","","","","待补","公办本科","待校对"
"183","辽宁","辽宁警察学院","公办普通本科","4121011432","辽宁省","大连市","本科","","","","","其他所属","公办本科","已匹配教育部名单"
"154","辽宁","辽宁科技大学","公办普通本科","4121010146","辽宁省","鞍山市","本科","","","","","其他所属","公办本科","已匹配教育部名单"
"179","辽宁","辽宁科技学院","公办普通本科","4121011430","辽宁省","本溪市","本科","","","","","其他所属","公办本科","已匹配教育部名单"
"186","辽宁","辽宁生态工程职业大学","公办职业本科","","","","","","","","","待补","公办本科","待校对"
"169","辽宁","辽宁师范大学","公办普通本科","4121010165","辽宁省","大连市","本科","","","","","其他所属","公办本科","已匹配教育部名单"
"156","辽宁","辽宁石油化工大学","公办普通本科","4121010148","辽宁省","抚顺市","本科","","","","","其他所属","公办本科","已匹配教育部名单"
"167","辽宁","辽宁中医药大学","公办普通本科","4121010162","辽宁省","沈阳市","本科","","","","","其他所属","公办本科","已匹配教育部名单"
"187","辽宁","辽宁装备制造职业技术大学","公办职业本科","","","","","","","","","待补","公办本科","待校对"
"178","辽宁","鲁迅美术学院","公办普通本科","4121010178","辽宁省","沈阳市","本科","","","","","其他所属","公办本科","已匹配教育部名单"
"181","辽宁","沈阳工程学院","公办普通本科","4121011632","辽宁省","沈阳市","本科","","","","","其他所属","公办本科","已匹配教育部名单"
"150","辽宁","沈阳工业大学","公办普通本科","4121010142","辽宁省","沈阳市","本科","","","","","其他所属","公办本科","已匹配教育部名单"
"151","辽宁","沈阳航空航天大学","公办普通本科","4121010143","辽宁省","沈阳市","本科","","","","","其他所属","公办本科","已匹配教育部名单"
"157","辽宁","沈阳化工大学","公办普通本科","4121010149","辽宁省","沈阳市","本科","","","","","其他所属","公办本科","已匹配教育部名单"
"161","辽宁","沈阳建筑大学","公办普通本科","4121010153","辽宁省","沈阳市","本科","","","","","其他所属","公办本科","已匹配教育部名单"
"152","辽宁","沈阳理工大学","公办普通本科","4121010144","辽宁省","沈阳市","本科","","","","","其他所属","公办本科","已匹配教育部名单"
"162","辽宁","沈阳农业大学","公办普通本科","4121010157","辽宁省","沈阳市","本科","","","","","其他所属","公办本科","已匹配教育部名单"
"170","辽宁","沈阳师范大学","公办普通本科","4121010166","辽宁省","沈阳市","本科","","","","","其他所属","公办本科","已匹配教育部名单"
"176","辽宁","沈阳体育学院","公办普通本科","4121010176","辽宁省","沈阳市","本科","","","","","其他所属","公办本科","已匹配教育部名单"
"168","辽宁","沈阳药科大学","公办普通本科","4121010163","辽宁省","沈阳市","本科","","","","","其他所属","公办本科","已匹配教育部名单"
"184","辽宁","沈阳医学院","公办普通本科","4121010164","辽宁省","沈阳市","本科","","","","","其他所属","公办本科","已匹配教育部名单"
"177","辽宁","沈阳音乐学院","公办普通本科","4121010177","辽宁省","沈阳市","本科","","","","","其他所属","公办本科","已匹配教育部名单"
"175","辽宁","中国刑事警察学院","公办普通本科","4121010175","公安部","沈阳市","本科","","","","","其他所属","公办本科","已匹配教育部名单"
"164","辽宁","中国医科大学","公办普通本科","4121010159","辽宁省","沈阳市","本科","","","","","其他所属","公办本科","已匹配教育部名单"
"140","内蒙古","赤峰学院","公办普通本科","4115010138","内蒙古自治区","赤峰市","本科","","","","","地方所属","公办本科","已匹配教育部名单"
"146","内蒙古","鄂尔多斯应用技术学院","公办普通本科","4115014532","内蒙古自治区","鄂尔多斯市","本科","","","","","地方所属","公办本科","已匹配教育部名单"
"143","内蒙古","河套学院","公办普通本科","4115011631","内蒙古自治区","巴彦淖尔市","本科","","","","","地方所属","公办本科","已匹配教育部名单"
"144","内蒙古","呼和浩特民族学院","公办普通本科","4115011709","内蒙古自治区","呼和浩特市","本科","","","","","地方所属","公办本科","已匹配教育部名单"
"141","内蒙古","呼伦贝尔学院","公办普通本科","4115010819","内蒙古自治区","呼伦贝尔市","本科","","","","","地方所属","公办本科","已匹配教育部名单"
"142","内蒙古","集宁师范学院","公办普通本科","4115011427","内蒙古自治区","乌兰察布市","本科","","","","","地方所属","公办本科","已匹配教育部名单"
"147","内蒙古","内蒙古财经大学","公办普通本科","4115010139","内蒙古自治区","呼和浩特市","本科","","","","","地方所属","公办本科","已匹配教育部名单"
"133","内蒙古","内蒙古大学","公办普通本科","4115010126","内蒙古自治区","呼和浩特市","本科","","","是","是","地方所属","211/双一流","已匹配教育部名单"
"135","内蒙古","内蒙古工业大学","公办普通本科","4115010128","内蒙古自治区","呼和浩特市","本科","","","","","地方所属","公办本科","已匹配教育部名单"
"134","内蒙古","内蒙古科技大学","公办普通本科","4115010127","内蒙古自治区","包头市","本科","","","","","地方所属","公办本科","已匹配教育部名单"
"139","内蒙古","内蒙古民族大学","公办普通本科","4115010136","内蒙古自治区","通辽市","本科","","","","","地方所属","公办本科","已匹配教育部名单"
"136","内蒙古","内蒙古农业大学","公办普通本科","4115010129","内蒙古自治区","呼和浩特市","本科","","","","","地方所属","公办本科","已匹配教育部名单"
"138","内蒙古","内蒙古师范大学","公办普通本科","4115010135","内蒙古自治区","呼和浩特市","本科","","","","","地方所属","公办本科","已匹配教育部名单"
"137","内蒙古","内蒙古医科大学","公办普通本科","4115010132","内蒙古自治区","呼和浩特市","本科","","","","","地方所属","公办本科","已匹配教育部名单"
"145","内蒙古","内蒙古艺术学院","公办普通本科","4115014531","内蒙古自治区","呼和浩特市","本科","","","","","地方所属","公办本科","已匹配教育部名单"
"793","宁夏","北方民族大学","公办普通本科","4164011407","国家民委","银川市","本科","","","","","其他所属","公办本科","已匹配教育部名单"
"792","宁夏","宁夏大学","公办普通本科","4164010749","宁夏回族自治区","银川市","本科","","","是","是","地方所属","211/双一流","已匹配教育部名单"
"796","宁夏","宁夏理工学院","公办普通本科","4164012544","宁夏回族自治区教育厅","石嘴山市","本科","民办","","","","地方所属","公办本科","已匹配教育部名单"
"795","宁夏","宁夏师范学院","公办普通本科","","","","","","","","","待补","公办本科","待校对"
"794","宁夏","宁夏医科大学","公办普通本科","4164010752","宁夏回族自治区","银川市","本科","","","","","地方所属","公办本科","已匹配教育部名单"
"789","青海","青海大学","公办普通本科","4163010743","青海省","西宁市","本科","","","是","是","其他所属","211/双一流","已匹配教育部名单"
"791","青海","青海民族大学","公办普通本科","4163010748","青海省","西宁市","本科","","","","","其他所属","公办本科","已匹配教育部名单"
"790","青海","青海师范大学","公办普通本科","4163010746","青海省","西宁市","本科","","","","","其他所属","公办本科","已匹配教育部名单"
"439","山东","滨州学院","公办普通本科","","","","","","","","","待补","公办本科","待校对"
"432","山东","滨州医学院","公办普通本科","4137010440","山东省","滨州市","本科","","","","","其他所属","公办本科","已匹配教育部名单"
"438","山东","德州学院","公办普通本科","4137010448","山东省","德州市","本科","","","","","其他所属","公办本科","已匹配教育部名单"
"444","山东","菏泽学院","公办普通本科","4137010455","山东省","菏泽市","本科","","","","","其他所属","公办本科","已匹配教育部名单"
"426","山东","济南大学","公办普通本科","4137010427","山东省","济南市","本科","","","","","其他所属","公办本科","已匹配教育部名单"
"443","山东","济宁学院","公办普通本科","4137010454","山东省","济宁市","本科","","","","","其他所属","公办本科","已匹配教育部名单"
"434","山东","济宁医学院","公办普通本科","4137010443","山东省","济宁市","本科","","","","","其他所属","公办本科","已匹配教育部名单"
"437","山东","聊城大学","公办普通本科","4137010447","山东省","聊城市","本科","","","","","其他所属","公办本科","已匹配教育部名单"
"441","山东","临沂大学","公办普通本科","4137010452","山东省","临沂市","本科","","","","","其他所属","公办本科","已匹配教育部名单"
"440","山东","鲁东大学","公办普通本科","4137010451","山东省","烟台市","本科","","","","","其他所属","公办本科","已匹配教育部名单"
"460","山东","青岛城市学院","公办普通本科","4137013378","山东省教育厅","青岛市","本科","民办","","","","地方所属","公办本科","已匹配教育部名单"
"452","山东","青岛大学","公办普通本科","4137011065","山东省","青岛市","本科","","","","","其他所属","公办本科","已匹配教育部名单"
"425","山东","青岛科技大学","公办普通本科","4137010426","山东省","青岛市","本科","","","","","其他所属","公办本科","已匹配教育部名单"
"427","山东","青岛理工大学","公办普通本科","4137010429","山东省","青岛市","本科","","","","","其他所属","公办本科","已匹配教育部名单"
"430","山东","青岛农业大学","公办普通本科","4137010435","山东省","青岛市","本科","","","","","其他所属","公办本科","已匹配教育部名单"
"436","山东","曲阜师范大学","公办普通本科","4137010446","山东省","济宁市","本科","","","","","其他所属","公办本科","已匹配教育部名单"
"445","山东","山东财经大学","公办普通本科","4137010456","山东省","济南市","本科","","","","","其他所属","公办本科","已匹配教育部名单"
"421","山东","山东大学","公办普通本科","4137010422","教育部","济南市","本科","","是","是","是","教育部直属","985/211/双一流","已匹配教育部名单"
"431","山东","山东第一医科大学","公办普通本科","4137010439","山东省","济南市","本科","","","","","其他所属","公办本科","已匹配教育部名单"
"463","山东","山东工程职业技术大学","公办职业本科","4137013356","山东省教育厅","济南市","本科","民办","","","","地方所属","公办本科","已匹配教育部名单"
"451","山东","山东工艺美术学院","公办普通本科","4137010908","山东省","济南市","本科","","","","","其他所属","公办本科","已匹配教育部名单"
"455","山东","山东管理学院","公办普通本科","4137014438","山东省","济南市","本科","","","","","其他所属","公办本科","已匹配教育部名单"
"428","山东","山东建筑大学","公办普通本科","4137010430","山东省","济南市","本科","","","","","其他所属","公办本科","已匹配教育部名单"
"450","山东","山东交通学院","公办普通本科","4137011510","山东省","济南市","本科","","","","","其他所属","公办本科","已匹配教育部名单"
"449","山东","山东警察学院","公办普通本科","4137011324","山东省","济南市","本科","","","","","其他所属","公办本科","已匹配教育部名单"
"423","山东","山东科技大学","公办普通本科","4137010424","山东省","青岛市","本科","","","","","其他所属","公办本科","已匹配教育部名单"
"429","山东","山东农业大学","公办普通本科","4137010434","山东省","泰安市","本科","","","","","其他所属","公办本科","已匹配教育部名单"
"456","山东","山东农业工程学院","公办普通本科","4137014439","山东省","济南市","本科","","","","","其他所属","公办本科","已匹配教育部名单"
"457","山东","山东青年政治学院","公办普通本科","4137014277","山东省","济南市","本科","","","","","其他所属","公办本科","已匹配教育部名单"
"435","山东","山东师范大学","公办普通本科","4137010445","山东省","济南市","本科","","","","","其他所属","公办本科","已匹配教育部名单"
"459","山东","山东石油化工学院","公办普通本科","4137013386","山东省","东营市","本科","","","","","其他所属","公办本科","已匹配教育部名单"
"446","山东","山东体育学院","公办普通本科","4137010457","山东省","济南市","本科","","","","","其他所属","公办本科","已匹配教育部名单"
"464","山东","山东外事职业大学","公办职业本科","4137013874","山东省教育厅","威海市","本科","民办","","","","地方所属","公办本科","已匹配教育部名单"
"447","山东","山东艺术学院","公办普通本科","4137010458","山东省","济南市","本科","","","","","其他所属","公办本科","已匹配教育部名单"
"433","山东","山东中医药大学","公办普通本科","4137010441","山东省","济南市","本科","","","","","其他所属","公办本科","已匹配教育部名单"
"442","山东","泰山学院","公办普通本科","4137010453","山东省","泰安市","本科","","","","","其他所属","公办本科","已匹配教育部名单"
"462","山东","潍坊理工学院","公办普通本科","4137013379","山东省教育厅","潍坊市","本科","民办","","","","地方所属","公办本科","已匹配教育部名单"
"448","山东","潍坊学院","公办普通本科","4137011067","山东省","潍坊市","本科","","","","","其他所属","公办本科","已匹配教育部名单"
"454","山东","潍坊医学院","公办普通本科","","","","","","","","","待补","公办本科","待校对"
"453","山东","烟台大学","公办普通本科","4137011066","山东省","烟台市","本科","","","","","其他所属","公办本科","已匹配教育部名单"
"461","山东","烟台理工学院","公办普通本科","4137013359","山东省教育厅","烟台市","本科","民办","","","","地方所属","公办本科","已匹配教育部名单"
"458","山东","枣庄学院","公办普通本科","4137010904","山东省","枣庄市","本科","","","","","其他所属","公办本科","已匹配教育部名单"
"422","山东","中国海洋大学","公办普通本科","4137010423","教育部","青岛市","本科","","是","是","是","教育部直属","985/211/双一流","已匹配教育部名单"
"424","山东","中国石油大学(华东)","公办普通本科","4137010425","教育部","青岛市","本科","","","","","教育部直属","公办本科","已匹配教育部名单"
"120","山西","晋中学院","公办普通本科","4114010121","山西省","晋中市","本科","","","","","其他所属","公办本科","已匹配教育部名单"
"126","山西","吕梁学院","公办普通本科","4114010812","山西省","吕梁市","本科","","","","","其他所属","公办本科","已匹配教育部名单"
"124","山西","山西财经大学","公办普通本科","4114010125","山西省","太原市","本科","","","","","其他所属","公办本科","已匹配教育部名单"
"119","山西","山西大同大学","公办普通本科","4114010120","山西省","大同市","本科","","","","","其他所属","公办本科","已匹配教育部名单"
"110","山西","山西大学","公办普通本科","4114010108","山西省","太原市","本科","","","","是","其他所属","双一流","已匹配教育部名单"
"128","山西","山西工程技术学院","公办普通本科","4114014527","山西省","阳泉市","本科","","","","","其他所属","公办本科","已匹配教育部名单"
"129","山西","山西工学院","公办普通本科","4114013534","山西省","朔州市","本科","","","","","其他所属","公办本科","已匹配教育部名单"
"131","山西","山西科技学院","公办普通本科","4114013597","山西省","晋城市","本科","","","","","其他所属","公办本科","已匹配教育部名单"
"130","山西","山西能源学院","公办普通本科","4214051189","山西省","晋中市","本科","","","","","其他所属","公办本科","已匹配教育部名单"
"114","山西","山西农业大学","公办普通本科","4114010113","山西省","晋中市","本科","","","","","其他所属","公办本科","已匹配教育部名单"
"117","山西","山西师范大学","公办普通本科","4114010118","山西省","太原市","本科","","","","","其他所属","公办本科","已匹配教育部名单"
"115","山西","山西医科大学","公办普通本科","4114010114","山西省","太原市","本科","","","","","其他所属","公办本科","已匹配教育部名单"
"125","山西","山西中医药大学","公办普通本科","4114010809","山西省","太原市","本科","","","","","其他所属","公办本科","已匹配教育部名单"
"127","山西","太原工业学院","公办普通本科","4114014101","山西省","太原市","本科","","","","","其他所属","公办本科","已匹配教育部名单"
"111","山西","太原科技大学","公办普通本科","4114010109","山西省","太原市","本科","","","","","其他所属","公办本科","已匹配教育部名单"
"113","山西","太原理工大学","公办普通本科","4114010112","山西省","太原市","本科","","","是","是","其他所属","211/双一流","已匹配教育部名单"
"118","山西","太原师范学院","公办普通本科","4114010119","山西省","太原市","本科","","","","","其他所属","公办本科","已匹配教育部名单"
"123","山西","忻州师范学院","公办普通本科","4114010124","山西省","忻州市","本科","","","","","其他所属","公办本科","已匹配教育部名单"
"122","山西","运城学院","公办普通本科","4114010123","山西省","运城市","本科","","","","","其他所属","公办本科","已匹配教育部名单"
"132","山西","运城职业技术大学","公办职业本科","4114014226","山西省教育厅","运城市","本科","民办","","","","地方所属","公办本科","已匹配教育部名单"
"121","山西","长治学院","公办普通本科","4114010122","山西省","长治市","本科","","","","","其他所属","公办本科","已匹配教育部名单"
"116","山西","长治医学院","公办普通本科","4114010117","山西省","长治市","本科","","","","","其他所属","公办本科","已匹配教育部名单"
"112","山西","中北大学","公办普通本科","4114010110","山西省","太原市","本科","","","","","其他所属","公办本科","已匹配教育部名单"
"764","陕西","安康学院","公办普通本科","4161011397","陕西省","安康市","本科","","","","","其他所属","公办本科","已匹配教育部名单"
"752","陕西","宝鸡文理学院","公办普通本科","4161010721","陕西省","宝鸡市","本科","","","","","其他所属","公办本科","已匹配教育部名单"
"742","陕西","陕西科技大学","公办普通本科","4161010708","陕西省","西安市","本科","","","","","其他所属","公办本科","已匹配教育部名单"
"746","陕西","陕西理工大学","公办普通本科","4161010720","陕西省","汉中市","本科","","","","","其他所属","公办本科","已匹配教育部名单"
"751","陕西","陕西师范大学","公办普通本科","4161010718","教育部","西安市","本科","","","是","是","教育部直属","211/双一流","已匹配教育部名单"
"750","陕西","陕西中医药大学","公办普通本科","4161010716","陕西省","咸阳市","本科","","","","","其他所属","公办本科","已匹配教育部名单"
"763","陕西","商洛学院","公办普通本科","4161011396","陕西省","商洛市","本科","","","","","其他所属","公办本科","已匹配教育部名单"
"754","陕西","渭南师范学院","公办普通本科","4161010723","陕西省","渭南市","本科","","","","","其他所属","公办本科","已匹配教育部名单"
"760","陕西","西安财经大学","公办普通本科","4161011560","陕西省","西安市","本科","","","","","其他所属","公办本科","已匹配教育部名单"
"741","陕西","西安电子科技大学","公办普通本科","4161010701","教育部","西安市","本科","","","是","是","教育部直属","211/双一流","已匹配教育部名单"
"765","陕西","西安航空学院","公办普通本科","4161011736","陕西省","西安市","本科","","","","","其他所属","公办本科","已匹配教育部名单"
"743","陕西","西安建筑科技大学","公办普通本科","4161010703","陕西省","西安市","本科","","","","","其他所属","公办本科","已匹配教育部名单"
"738","陕西","西安交通大学","公办普通本科","4161010698","教育部","西安市","本科","","是","是","是","教育部直属","985/211/双一流","已匹配教育部名单"
"744","陕西","西安科技大学","公办普通本科","4161010704","陕西省","西安市","本科","","","","","其他所属","公办本科","已匹配教育部名单"
"740","陕西","西安理工大学","公办普通本科","4161010700","陕西省","西安市","本科","","","","","其他所属","公办本科","已匹配教育部名单"
"759","陕西","西安美术学院","公办普通本科","4161010729","陕西省","西安市","本科","","","","","其他所属","公办本科","已匹配教育部名单"
"766","陕西","西安明德理工学院","公办普通本科","4161013894","陕西省教育厅","西安市","本科","民办","","","","地方所属","公办本科","已匹配教育部名单"
"767","陕西","西安汽车职业大学","公办职业本科","4161013738","陕西省教育厅","西安市","本科","民办","","","","地方所属","公办本科","已匹配教育部名单"
"745","陕西","西安石油大学","公办普通本科","4161010705","陕西省","西安市","本科","","","","","其他所属","公办本科","已匹配教育部名单"
"757","陕西","西安体育学院","公办普通本科","4161010727","陕西省","西安市","本科","","","","","其他所属","公办本科","已匹配教育部名单"
"755","陕西","西安外国语大学","公办普通本科","4161010724","陕西省","西安市","本科","","","","","其他所属","公办本科","已匹配教育部名单"
"768","陕西","西安信息职业大学","公办职业本科","4161014030","陕西省教育厅","西安市","本科","民办","","","","地方所属","公办本科","已匹配教育部名单"
"749","陕西","西安医学院","公办普通本科","4161011840","陕西省","西安市","本科","","","","","其他所属","公办本科","已匹配教育部名单"
"758","陕西","西安音乐学院","公办普通本科","4161010728","陕西省","西安市","本科","","","","","其他所属","公办本科","已匹配教育部名单"
"761","陕西","西安邮电大学","公办普通本科","4161011664","陕西省","西安市","本科","","","","","其他所属","公办本科","已匹配教育部名单"
"737","陕西","西北大学","公办普通本科","4161010697","陕西省","西安市","本科","","","是","是","其他所属","211/双一流","已匹配教育部名单"
"739","陕西","西北工业大学","公办普通本科","4161010699","工业和信息化部","西安市","本科","","是","是","是","中央部委所属","985/211/双一流","已匹配教育部名单"
"747","陕西","西北农林科技大学","公办普通本科","4161010712","教育部","咸阳市","本科","","是","是","是","教育部直属","985/211/双一流","已匹配教育部名单"
"756","陕西","西北政法大学","公办普通本科","4161010726","陕西省","西安市","本科","","","","","其他所属","公办本科","已匹配教育部名单"
"753","陕西","咸阳师范学院","公办普通本科","4161010722","陕西省","咸阳市","本科","","","","","其他所属","公办本科","已匹配教育部名单"
"748","陕西","延安大学","公办普通本科","4161010719","陕西省","延安市","本科","","","","","其他所属","公办本科","已匹配教育部名单"
"762","陕西","榆林学院","公办普通本科","4161011395","陕西省","榆林市","本科","","","","","其他所属","公办本科","已匹配教育部名单"
"247","上海","东华大学","公办普通本科","4131010255","教育部","上海市","本科","","","是","是","教育部直属","211/双一流","已匹配教育部名单"
"241","上海","复旦大学","公办普通本科","4131010246","教育部","上海市","本科","","是","是","是","教育部直属","985/211/双一流","已匹配教育部名单"
"244","上海","华东理工大学","公办普通本科","4131010251","教育部","上海市","本科","","","是","是","教育部直属","211/双一流","已匹配教育部名单"
"253","上海","华东师范大学","公办普通本科","4131010269","教育部","上海市","本科","","是","是","是","教育部直属","985/211/双一流","已匹配教育部名单"
"259","上海","华东政法大学","公办普通本科","4131010276","上海市","上海市","本科","","","","","其他所属","公办本科","已匹配教育部名单"
"256","上海","上海财经大学","公办普通本科","4131010272","教育部","上海市","本科","","","是","是","教育部直属","211/双一流","已匹配教育部名单"
"263","上海","上海大学","公办普通本科","4131010280","上海市","上海市","本科","","","是","是","其他所属","211/双一流","已匹配教育部名单"
"266","上海","上海第二工业大学","公办普通本科","4131012044","上海市","上海市","本科","","","","","其他所属","公办本科","已匹配教育部名单"
"248","上海","上海电力大学","公办普通本科","4131010256","上海市","上海市","本科","","","","","其他所属","公办本科","已匹配教育部名单"
"257","上海","上海对外经贸大学","公办普通本科","4131010273","上海市","上海市","本科","","","","","其他所属","公办本科","已匹配教育部名单"
"264","上海","上海工程技术大学","公办普通本科","4131010856","上海市","上海市","本科","","","","","其他所属","公办本科","已匹配教育部名单"
"268","上海","上海公安学院","公办普通本科","4131010283","上海市","上海市","本科","","","","","其他所属","公办本科","已匹配教育部名单"
"258","上海","上海海关学院","公办普通本科","4131010274","海关总署","上海市","本科","","","","","中央部委所属","公办本科","已匹配教育部名单"
"246","上海","上海海事大学","公办普通本科","4131010254","上海市","上海市","本科","","","","","其他所属","公办本科","已匹配教育部名单"
"251","上海","上海海洋大学","公办普通本科","4131010264","上海市","上海市","本科","","","","是","其他所属","双一流","已匹配教育部名单"
"250","上海","上海健康医学院","公办普通本科","4131010262","上海市","上海市","本科","","","","","其他所属","公办本科","已匹配教育部名单"
"243","上海","上海交通大学","公办普通本科","4131010248","教育部","上海市","本科","","是","是","是","教育部直属","985/211/双一流","已匹配教育部名单"
"245","上海","上海理工大学","公办普通本科","4131010252","上海市","上海市","本科","","","","","其他所属","公办本科","已匹配教育部名单"
"267","上海","上海商学院","公办普通本科","4131012050","上海市","上海市","本科","","","","","其他所属","公办本科","已匹配教育部名单"
"254","上海","上海师范大学","公办普通本科","4131010270","上海市","上海市","本科","","","","","其他所属","公办本科","已匹配教育部名单"
"260","上海","上海体育学院","公办普通本科","","","","","","","","","待补","公办本科","待校对"
"255","上海","上海外国语大学","公办普通本科","4131010271","教育部","上海市","本科","","","是","是","教育部直属","211/双一流","已匹配教育部名单"
"262","上海","上海戏剧学院","公办普通本科","4131010279","上海市","上海市","本科","","","","","其他所属","公办本科","已匹配教育部名单"
"261","上海","上海音乐学院","公办普通本科","4131010278","上海市","上海市","本科","","","","","其他所属","公办本科","已匹配教育部名单"
"249","上海","上海应用技术大学","公办普通本科","4131010259","上海市","上海市","本科","","","","","其他所属","公办本科","已匹配教育部名单"
"265","上海","上海政法学院","公办普通本科","4131011835","上海市","上海市","本科","","","","","其他所属","公办本科","已匹配教育部名单"
"252","上海","上海中医药大学","公办普通本科","4131010268","上海市","上海市","本科","","","","是","其他所属","双一流","已匹配教育部名单"
"242","上海","同济大学","公办普通本科","4131010247","教育部","上海市","本科","","是","是","是","教育部直属","985/211/双一流","已匹配教育部名单"
"671","四川","阿坝师范学院","公办普通本科","4151010646","四川省","阿坝藏族羌族自治州","本科","","","","","其他所属","公办本科","已匹配教育部名单"
"677","四川","成都大学","公办普通本科","4151011079","四川省","成都市","本科","","","","","其他所属","公办本科","已匹配教育部名单"
"678","四川","成都工业学院","公办普通本科","4151011116","四川省","成都市","本科","","","","","其他所属","公办本科","已匹配教育部名单"
"686","四川","成都锦城学院","公办普通本科","4151013903","四川省教育厅","成都市","本科","民办","","","","地方所属","公办本科","已匹配教育部名单"
"659","四川","成都理工大学","公办普通本科","4151010616","四川省","成都市","本科","","","","是","其他所属","双一流","已匹配教育部名单"
"682","四川","成都师范学院","公办普通本科","4151014389","四川省","成都市","本科","","","","","其他所属","公办本科","已匹配教育部名单"
"674","四川","成都体育学院","公办普通本科","4151010653","四川省","成都市","本科","","","","","其他所属","公办本科","已匹配教育部名单"
"691","四川","成都艺术职业大学","公办职业本科","4151012969","四川省教育厅","成都市","本科","民办","","","","地方所属","公办本科","已匹配教育部名单"
"687","四川","成都银杏酒店管理学院","公办普通本科","4151013670","四川省教育厅","成都市","本科","民办","","","","地方所属","公办本科","已匹配教育部名单"
"662","四川","成都中医药大学","公办普通本科","4151010633","四川省","成都市","本科","","","","是","其他所属","双一流","已匹配教育部名单"
"664","四川","川北医学院","公办普通本科","4151010634","四川省","南充市","本科","","","","","其他所属","公办本科","已匹配教育部名单"
"657","四川","电子科技大学","公办普通本科","4151010614","教育部","成都市","本科","","是","是","是","教育部直属","985/211/双一流","已匹配教育部名单"
"672","四川","乐山师范学院","公办普通本科","4151010649","四川省","乐山市","本科","","","","","其他所属","公办本科","已匹配教育部名单"
"667","四川","绵阳师范学院","公办普通本科","4151010639","四川省","绵阳市","本科","","","","","其他所属","公办本科","已匹配教育部名单"
"668","四川","内江师范学院","公办普通本科","4151010640","四川省","内江市","本科","","","","","其他所属","公办本科","已匹配教育部名单"
"679","四川","攀枝花学院","公办普通本科","4151011360","四川省","攀枝花市","本科","","","","","其他所属","公办本科","已匹配教育部名单"
"655","四川","四川大学","公办普通本科","4151010610","教育部","成都市","本科","","是","是","是","教育部直属","985/211/双一流","已匹配教育部名单"
"690","四川","四川电影电视学院","公办普通本科","4151014410","四川省教育厅","成都市","本科","民办","","","","地方所属","公办本科","已匹配教育部名单"
"688","四川","四川工业科技学院","公办普通本科","4151013816","四川省教育厅","德阳市","本科","民办","","","","地方所属","公办本科","已匹配教育部名单"
"681","四川","四川警察学院","公办普通本科","4151012212","四川省","泸州市","本科","","","","","其他所属","公办本科","已匹配教育部名单"
"680","四川","四川旅游学院","公办普通本科","4151011552","四川省","成都市","本科","","","","","其他所属","公办本科","已匹配教育部名单"
"661","四川","四川农业大学","公办普通本科","4151010626","四川省","雅安市","本科","","","是","是","其他所属","211/双一流","已匹配教育部名单"
"683","四川","四川轻化工大学","公办普通本科","4151010622","四川省","自贡市","本科","","","","","其他所属","公办本科","已匹配教育部名单"
"665","四川","四川师范大学","公办普通本科","4151010636","四川省","成都市","本科","","","","","其他所属","公办本科","已匹配教育部名单"
"689","四川","四川文化艺术学院","公办普通本科","4151014043","四川省教育厅","绵阳市","本科","民办","","","","地方所属","公办本科","已匹配教育部名单"
"670","四川","四川文理学院","公办普通本科","4151010644","四川省","达州市","本科","","","","","其他所属","公办本科","已匹配教育部名单"
"675","四川","四川音乐学院","公办普通本科","4151010654","四川省","成都市","本科","","","","","其他所属","公办本科","已匹配教育部名单"
"685","四川","西昌学院","公办普通本科","4151010628","四川省","凉山彝族自治州","本科","","","","","其他所属","公办本科","已匹配教育部名单"
"684","四川","西华大学","公办普通本科","4151010623","四川省","成都市","本科","","","","","其他所属","公办本科","已匹配教育部名单"
"666","四川","西华师范大学","公办普通本科","4151010638","四川省","南充市","本科","","","","","其他所属","公办本科","已匹配教育部名单"
"673","四川","西南财经大学","公办普通本科","4151010651","教育部","成都市","本科","","","是","是","教育部直属","211/双一流","已匹配教育部名单"
"656","四川","西南交通大学","公办普通本科","4151010613","教育部","成都市","本科","","","是","是","教育部直属","211/双一流","已匹配教育部名单"
"660","四川","西南科技大学","公办普通本科","4151010619","四川省","绵阳市","本科","","","","","其他所属","公办本科","已匹配教育部名单"
"676","四川","西南民族大学","公办普通本科","4151010656","国家民委","成都市","本科","","","","","其他所属","公办本科","已匹配教育部名单"
"658","四川","西南石油大学","公办普通本科","4151010615","四川省","成都市","本科","","","","是","其他所属","双一流","已匹配教育部名单"
"663","四川","西南医科大学","公办普通本科","4151010632","四川省","泸州市","本科","","","","","其他所属","公办本科","已匹配教育部名单"
"669","四川","宜宾学院","公办普通本科","4151010641","四川省","宜宾市","本科","","","","","其他所属","公办本科","已匹配教育部名单"
"54","天津","南开大学","公办普通本科","4112010055","教育部","天津市","本科","","是","是","是","教育部直属","985/211/双一流","已匹配教育部名单"
"67","天津","天津财经大学","公办普通本科","4112010070","天津市","天津市","本科","","","","","其他所属","公办本科","已匹配教育部名单"
"71","天津","天津城建大学","公办普通本科","4112010792","天津市","天津市","本科","","","","","其他所属","公办本科","已匹配教育部名单"
"55","天津","天津大学","公办普通本科","4112010056","教育部","天津市","本科","","是","是","是","教育部直属","985/211/双一流","已匹配教育部名单"
"57","天津","天津工业大学","公办普通本科","4112010058","天津市","天津市","本科","","","","是","其他所属","双一流","已匹配教育部名单"
"56","天津","天津科技大学","公办普通本科","4112010057","天津市","天津市","本科","","","","","其他所属","公办本科","已匹配教育部名单"
"59","天津","天津理工大学","公办普通本科","4112010060","天津市","天津市","本科","","","","","其他所属","公办本科","已匹配教育部名单"
"70","天津","天津美术学院","公办普通本科","4112010073","天津市","天津市","本科","","","","","其他所属","公办本科","已匹配教育部名单"
"60","天津","天津农学院","公办普通本科","4112010061","天津市","天津市","本科","","","","","其他所属","公办本科","已匹配教育部名单"
"66","天津","天津商业大学","公办普通本科","4112010069","天津市","天津市","本科","","","","","其他所属","公办本科","已匹配教育部名单"
"63","天津","天津师范大学","公办普通本科","4112010065","天津市","天津市","本科","","","","","其他所属","公办本科","已匹配教育部名单"
"68","天津","天津体育学院","公办普通本科","4112010071","天津市","天津市","本科","","","","","其他所属","公办本科","已匹配教育部名单"
"65","天津","天津外国语大学","公办普通本科","4112010068","天津市","天津市","本科","","","","","其他所属","公办本科","已匹配教育部名单"
"61","天津","天津医科大学","公办普通本科","4112010062","天津市","天津市","本科","","","","","其他所属","公办本科","已匹配教育部名单"
"69","天津","天津音乐学院","公办普通本科","4112010072","天津市","天津市","本科","","","","","其他所属","公办本科","已匹配教育部名单"
"64","天津","天津职业技术师范大学","公办普通本科","4112010066","天津市","天津市","本科","","","","","其他所属","公办本科","已匹配教育部名单"
"62","天津","天津中医药大学","公办普通本科","4112010063","天津市","天津市","本科","","","","是","其他所属","双一流","已匹配教育部名单"
"58","天津","中国民航大学","公办普通本科","4112010059","交通运输部（中国民用航空局）","天津市","本科","","","","","中央部委所属","公办本科","已匹配教育部名单"
"72","天津","中国消防救援学院","公办普通本科","4111010039","应急管理部","北京市","本科","","","","","中央部委所属","公办本科","已匹配教育部名单"
"736","西藏","西藏藏医药大学","公办普通本科","4154010696","西藏自治区","拉萨市","本科","","","","","地方所属","公办本科","已匹配教育部名单"
"733","西藏","西藏大学","公办普通本科","4154010694","西藏自治区","拉萨市","本科","","","是","是","地方所属","211/双一流","已匹配教育部名单"
"734","西藏","西藏民族大学","公办普通本科","4154010695","西藏自治区","咸阳市","本科","","","","","地方所属","公办本科","已匹配教育部名单"
"735","西藏","西藏农牧学院","公办普通本科","","","","","","","","","待补","公办本科","待校对"
"802","新疆","喀什大学","公办普通本科","4165010763","新疆维吾尔自治区","喀什地区","本科","","","","","地方所属","公办本科","已匹配教育部名单"
"804","新疆","新疆财经大学","公办普通本科","4165010766","新疆维吾尔自治区","乌鲁木齐市","本科","","","","","地方所属","公办本科","已匹配教育部名单"
"797","新疆","新疆大学","公办普通本科","4165010755","新疆维吾尔自治区","乌鲁木齐市","本科","","","是","是","地方所属","211/双一流","已匹配教育部名单"
"809","新疆","新疆第二医学院","公办普通本科","4165013560","新疆维吾尔自治区","克拉玛依市","本科","","","","","地方所属","公办本科","已匹配教育部名单"
"806","新疆","新疆警察学院","公办普通本科","4165012734","新疆维吾尔自治区","乌鲁木齐市","本科","","","","","地方所属","公办本科","已匹配教育部名单"
"807","新疆","新疆理工学院","公办普通本科","4165013558","新疆维吾尔自治区","阿克苏地区","本科","","","","","地方所属","公办本科","已匹配教育部名单"
"799","新疆","新疆农业大学","公办普通本科","4165010758","新疆维吾尔自治区","乌鲁木齐市","本科","","","","","地方所属","公办本科","已匹配教育部名单"
"801","新疆","新疆师范大学","公办普通本科","4165010762","新疆维吾尔自治区","乌鲁木齐市","本科","","","","","地方所属","公办本科","已匹配教育部名单"
"812","新疆","新疆天山职业技术大学","公办职业本科","4165013727","新疆维吾尔自治区教育厅","乌鲁木齐市","本科","民办","","","","地方所属","公办本科","已匹配教育部名单"
"800","新疆","新疆医科大学","公办普通本科","4165010760","新疆维吾尔自治区","乌鲁木齐市","本科","","","","","地方所属","公办本科","已匹配教育部名单"
"805","新疆","新疆艺术学院","公办普通本科","4165010768","新疆维吾尔自治区","乌鲁木齐市","本科","","","","","地方所属","公办本科","已匹配教育部名单"
"803","新疆","伊犁师范大学","公办普通本科","4165010764","新疆维吾尔自治区","伊犁哈萨克自治州","本科","","","","","地方所属","公办本科","已匹配教育部名单"
"813","新疆生产建设兵团","石河子大学","公办普通本科","4165010759","新疆生产建设兵团","石河子市","本科","","","是","是","地方所属","211/双一流","已匹配教育部名单"
"814","新疆生产建设兵团","塔里木大学","公办普通本科","4165010757","新疆生产建设兵团","阿拉尔市","本科","","","","","地方所属","公办本科","已匹配教育部名单"
"817","新疆生产建设兵团","新疆生产建设兵团职业大学","公办职业本科","","","","","","","","","待补","公办本科","待校对"
"815","新疆生产建设兵团","新疆政法学院","公办普通本科","4165013628","新疆生产建设兵团","图木舒克市","本科","","","","","地方所属","公办本科","已匹配教育部名单"
"721","云南","保山学院","公办普通本科","4153010686","云南省","保山市","本科","","","","","其他所属","公办本科","已匹配教育部名单"
"726","云南","楚雄师范学院","公办普通本科","4153011391","云南省","楚雄彝族自治州","本科","","","","","其他所属","公办本科","已匹配教育部名单"
"715","云南","大理大学","公办普通本科","4153010679","云南省","大理白族自治州","本科","","","","","其他所属","公办本科","已匹配教育部名单"
"732","云南","滇西科技师范学院","公办普通本科","4153014092","云南省","临沧市","本科","","","","","其他所属","公办本科","已匹配教育部名单"
"731","云南","滇西应用技术大学","公办普通本科","4153014623","云南省","大理白族自治州","本科","","","","","其他所属","公办本科","已匹配教育部名单"
"722","云南","红河学院","公办普通本科","4153010687","云南省","红河哈尼族彝族自治州","本科","","","","","其他所属","公办本科","已匹配教育部名单"
"711","云南","昆明理工大学","公办普通本科","4153010674","云南省","昆明市","本科","","","","","其他所属","公办本科","已匹配教育部名单"
"730","云南","昆明学院","公办普通本科","4153011393","云南省","昆明市","本科","","","","","其他所属","公办本科","已匹配教育部名单"
"714","云南","昆明医科大学","公办普通本科","4153010678","云南省","昆明市","本科","","","","","其他所属","公办本科","已匹配教育部名单"
"720","云南","普洱学院","公办普通本科","4153010685","云南省","普洱市","本科","","","","","其他所属","公办本科","已匹配教育部名单"
"719","云南","曲靖师范学院","公办普通本科","4153010684","云南省","曲靖市","本科","","","","","其他所属","公办本科","已匹配教育部名单"
"727","云南","文山学院","公办普通本科","4153011556","云南省","文山壮族苗族自治州","本科","","","","","其他所属","公办本科","已匹配教育部名单"
"713","云南","西南林业大学","公办普通本科","4153010677","云南省","昆明市","本科","","","","","其他所属","公办本科","已匹配教育部名单"
"725","云南","玉溪师范学院","公办普通本科","4153011390","云南省","玉溪市","本科","","","","","其他所属","公办本科","已匹配教育部名单"
"723","云南","云南财经大学","公办普通本科","4153010689","云南省","昆明市","本科","","","","","其他所属","公办本科","已匹配教育部名单"
"710","云南","云南大学","公办普通本科","4153010673","云南省","昆明市","本科","","","是","是","其他所属","211/双一流","已匹配教育部名单"
"729","云南","云南警官学院","公办普通本科","4153011392","云南省","昆明市","本科","","","","","其他所属","公办本科","已匹配教育部名单"
"724","云南","云南民族大学","公办普通本科","4153010691","云南省","昆明市","本科","","","","","其他所属","公办本科","已匹配教育部名单"
"712","云南","云南农业大学","公办普通本科","4153010676","云南省","昆明市","本科","","","","","其他所属","公办本科","已匹配教育部名单"
"717","云南","云南师范大学","公办普通本科","4153010681","云南省","昆明市","本科","","","","","其他所属","公办本科","已匹配教育部名单"
"728","云南","云南艺术学院","公办普通本科","4153010690","云南省","昆明市","本科","","","","","其他所属","公办本科","已匹配教育部名单"
"716","云南","云南中医药大学","公办普通本科","4153010680","云南省","昆明市","本科","","","","","其他所属","公办本科","已匹配教育部名单"
"718","云南","昭通学院","公办普通本科","4153010683","云南省","昭通市","本科","","","","","其他所属","公办本科","已匹配教育部名单"
"315","浙江","杭州电子科技大学","公办普通本科","4133010336","浙江省","杭州市","本科","","","","","其他所属","公办本科","已匹配教育部名单"
"323","浙江","杭州师范大学","公办普通本科","4133010346","浙江省","杭州市","本科","","","","","其他所属","公办本科","已匹配教育部名单"
"324","浙江","湖州师范学院","公办普通本科","4133010347","浙江省","湖州市","本科","","","","","其他所属","公办本科","已匹配教育部名单"
"330","浙江","嘉兴学院","公办普通本科","","","","","","","","","待补","公办本科","待校对"
"328","浙江","丽水学院","公办普通本科","4133010352","浙江省","丽水市","本科","","","","","其他所属","公办本科","已匹配教育部名单"
"340","浙江","宁波大学","公办普通本科","4133011646","浙江省","宁波市","本科","","","","是","其他所属","双一流","已匹配教育部名单"
"339","浙江","宁波工程学院","公办普通本科","4133011058","浙江省","宁波市","本科","","","","","其他所属","公办本科","已匹配教育部名单"
"338","浙江","衢州学院","公办普通本科","4133011488","浙江省","衢州市","本科","","","","","其他所属","公办本科","已匹配教育部名单"
"325","浙江","绍兴文理学院","公办普通本科","4133010349","浙江省","绍兴市","本科","","","","","其他所属","公办本科","已匹配教育部名单"
"326","浙江","台州学院","公办普通本科","4133010350","浙江省","台州市","本科","","","","","其他所属","公办本科","已匹配教育部名单"
"327","浙江","温州大学","公办普通本科","4133010351","浙江省","温州市","本科","","","","","其他所属","公办本科","已匹配教育部名单"
"320","浙江","温州医科大学","公办普通本科","4133010343","浙江省","温州市","本科","","","","","其他所属","公办本科","已匹配教育部名单"
"333","浙江","浙江财经大学","公办普通本科","4133011482","浙江省","杭州市","本科","","","","","其他所属","公办本科","已匹配教育部名单"
"334","浙江","浙江传媒学院","公办普通本科","4133011647","浙江省","杭州市","本科","","","","","其他所属","公办本科","已匹配教育部名单"
"314","浙江","浙江大学","公办普通本科","4133010335","教育部","杭州市","本科","","是","是","是","教育部直属","985/211/双一流","已匹配教育部名单"
"329","浙江","浙江工商大学","公办普通本科","4133010353","浙江省","杭州市","本科","","","","","其他所属","公办本科","已匹配教育部名单"
"316","浙江","浙江工业大学","公办普通本科","4133010337","浙江省","杭州市","本科","","","","","其他所属","公办本科","已匹配教育部名单"
"342","浙江","浙江广厦建设职业技术大学","公办职业本科","4133013029","浙江省教育厅","金华市","本科","民办","","","","地方所属","公办本科","已匹配教育部名单"
"318","浙江","浙江海洋大学","公办普通本科","4133010340","浙江省","舟山市","本科","","","","","其他所属","公办本科","已匹配教育部名单"
"337","浙江","浙江警察学院","公办普通本科","4133011483","浙江省","杭州市","本科","","","","","其他所属","公办本科","已匹配教育部名单"
"335","浙江","浙江科技学院","公办普通本科","","","","","","","","","待补","公办本科","待校对"
"317","浙江","浙江理工大学","公办普通本科","4133010338","浙江省","杭州市","本科","","","","","其他所属","公办本科","已匹配教育部名单"
"319","浙江","浙江农林大学","公办普通本科","4133010341","浙江省","杭州市","本科","","","","","其他所属","公办本科","已匹配教育部名单"
"322","浙江","浙江师范大学","公办普通本科","4133010345","浙江省","金华市","本科","","","","","其他所属","公办本科","已匹配教育部名单"
"336","浙江","浙江水利水电学院","公办普通本科","4133011481","浙江省","杭州市","本科","","","","","其他所属","公办本科","已匹配教育部名单"
"332","浙江","浙江万里学院","公办普通本科","4133010876","浙江省","宁波市","本科","","","","","其他所属","公办本科","已匹配教育部名单"
"343","浙江","浙江药科职业大学","公办职业本科","4133016207","浙江省","宁波市","本科","","","","","其他所属","公办本科","已匹配教育部名单"
"341","浙江","浙江音乐学院","公办普通本科","4133014535","浙江省","杭州市","本科","","","","","其他所属","公办本科","已匹配教育部名单"
"321","浙江","浙江中医药大学","公办普通本科","4133010344","浙江省","杭州市","本科","","","","","其他所属","公办本科","已匹配教育部名单"
"331","浙江","中国计量大学","公办普通本科","4133010356","浙江省","杭州市","本科","","","","","其他所属","公办本科","已匹配教育部名单"
